id,username,email,displayName,password,createdAt,updatedAt,role,profileImageUrl
"406e20cd-07f9-4227-9a14-cba2e292afa4","aigamelord","aigamelord@gmail.com","aigamelord","$2b$10$wAGz8dwjQYYAXQr7yx/JbuJ4Yb8DdHgSHMAwJf0aGz0uR4Gk.btz6",2025-03-15T00:44:10.731Z,2025-03-18T04:09:53.674Z,"ADMIN",
"aa737d17-fa89-402a-83cc-ae911bb0730d","Testing","Testing@test.com","Testing","$2b$10$MR5w3Hi9clJ8KZy3In1gUeuQAisqkC8l6w6kewULtKv6FcguEPc1a",2025-03-15T01:04:33.189Z,2025-03-18T22:25:55.526Z,"BASIC",
"bc7ef627-d00d-40f9-a2e0-6271df18d692","p0tfur","hrab.wesol@gmail.com","p0tfur","$2b$10$WuPtkbWPrhP9bRMW32YLtO4rhLWvAFhm/RFoWxFBI2em6bx4eFXl.",2025-03-18T07:04:44.825Z,2025-03-18T22:25:55.526Z,"BASIC",
"b33aa9dd-0c18-413e-806a-f32f44312e08","tolomo","tolomo89@gmail.com","Alberto Tolomelli","$2b$10$32rQDMB3U30m4B3XiFHo5u7cNjtIOl9j/rkXiNsAlo/Gxkx98u42e",2025-03-18T13:13:44.949Z,2025-03-18T22:25:55.526Z,"BASIC",
"cfc57e6c-4ae1-4ed9-a216-d3f16c24d078","TestApplicant","TestApplicant@TestApplicant.com","TestApplicant","$2b$10$ynJlx/F06/axRNs1Uad8x.BjdIsWaMNcSCKjak.IoEv.x756bmlY2",2025-03-18T23:14:31.834Z,2025-03-18T23:46:18.218Z,"BASIC","https://res.cloudinary.com/dxow1rafl/image/upload/v1742341577/user_profiles/user_profile_cfc57e6c-4ae1-4ed9-a216-d3f16c24d078_1742341577403.jpg"
"a6c246ae-f84b-4c43-87b4-05db6b55afc3","admin","admin@grokade.com","Admin User","$2b$10$KQQRQjkpMfSuuYVpdnAZBe35b73PYmsdK3METy1GONsG1qkPEjyuG",2025-03-14T21:19:05.893Z,2025-03-18T23:54:42.080Z,"ADMIN","https://res.cloudinary.com/dxow1rafl/image/upload/v1742342081/user_profiles/user_profile_a6c246ae-f84b-4c43-87b4-05db6b55afc3_1742342081122.jpg"
"37211933-f036-4942-a90a-b4d5e34e5a26","test","test@example.com","test","$2b$10$cksc6e/VU0SpTQ12tfv4oO66BZw/vWZE107RxsBswjR2QRfWFK11.",2025-03-15T00:38:17.422Z,2025-03-19T00:03:43.706Z,"BASIC","https://res.cloudinary.com/dxow1rafl/image/upload/v1742342622/user_profiles/user_profile_37211933-f036-4942-a90a-b4d5e34e5a26_1742342622199.png"
"b5a667ae-f775-412b-821b-b0532e13f4ab","ryanfitzpatrick.io","admin@ryanfitzpatrick.io","Ryan Fitzpatrick","$2b$10$MJMaohWfHSpu3cu3dhJTIe2PUuBvWShzEva4EJUY.66iRY5uXJEtq",2025-03-19T22:30:52.970Z,2025-03-19T22:30:52.970Z,"BASIC",