id,gameId,views,plays,likes,dislikes,lastUpdated
"568835bc-9c7f-458a-bb04-09c0f574627e","bb935fc4-4063-4709-874a-20e8dd1ba36f",0,0,0,0,2025-03-17T01:36:00.237Z
"4fe1743e-275e-4df3-ad55-492d64ea9809","2964c8d9-953c-41a9-aa4f-653d261d14e6",0,0,0,0,2025-03-17T01:36:00.868Z
"ed11a272-d59c-43ab-b66d-e5e0df044135","3ebb0eb7-753f-4778-8b67-7fd98a94b49c",0,0,0,0,2025-03-17T01:36:01.338Z
"b61eeeb3-22b8-4bb7-8285-d92f41875805","d5fba96c-069e-4242-9206-3d145ccf899a",0,0,0,0,2025-03-17T01:36:01.797Z
"ce2c4863-1e3e-476d-9ac8-0386d1661168","f8279a3a-cbc2-446e-a640-080b05366998",0,0,0,0,2025-03-17T01:36:02.303Z
"025b815e-4d37-42b3-bd08-03ac36493cc1","34734b25-58ec-46ab-ac41-1bceccdab4fa",0,0,0,0,2025-03-17T01:36:03.261Z
"28d759bf-249c-427a-bd27-2a531b994a25","63ecb365-86eb-4c0e-9100-b697c7df6a90",0,0,0,0,2025-03-17T01:36:03.752Z
"f9b26403-c9e4-4f1f-93ef-5710cada4371","8c2d3fdb-bfa7-4838-9e7e-fbe9ca69c12b",0,0,0,0,2025-03-17T01:36:04.249Z
"5b4cc16d-a781-4da9-aab4-994a88642798","30cdfe59-56b7-4ea4-8f20-c975698e4541",0,0,0,0,2025-03-17T01:36:04.707Z
"b217ddf3-88e8-489f-ad20-89cd91c3ccfb","44574953-604c-483e-a60a-b00c0ea3a7ef",0,0,0,1,2025-03-17T19:32:30.487Z
"c00e9d91-cd41-49d4-b1fb-fb0992ba3a69","054009be-8fa3-4bdb-a853-57f5c355583f",0,0,0,0,2025-03-17T19:32:30.487Z
"efc83cb3-bcbc-4246-a944-b677c6f934c7","f68e6594-fe6b-4779-8483-99c510580c6b",2,4,0,0,2025-03-17T19:32:30.487Z
"f516d5fa-e47e-4c57-8a3b-ca6427ec3a24","75d16c0b-6af6-482b-8333-44247339f9e8",0,3,8,2,2025-03-17T19:32:30.487Z
"ff491c9b-6285-4717-b23d-30c9f308ee40","cc4c1e10-ce79-4157-9138-7f59e14ef6fc",5,2,3,1,2025-03-17T19:32:30.487Z
"d569fb08-ee4c-421c-9bdf-0f9ad6031e58","cab0a67a-4967-4c77-901d-12970681ec85",2,1,0,0,2025-03-17T19:33:07.389Z
"a80f7cfd-7c70-4f20-b3b9-a19d0a8cd449","b492c7d1-f9c5-4b3b-a49b-eae4fe82bc83",0,0,0,0,2025-03-17T19:33:07.389Z
"3e789087-c1ad-4e97-8c91-c945e206fa7c","d675ee59-bc51-4acb-a74a-2a51dca64cbe",0,0,9,2,2025-03-17T19:33:24.581Z
"deedf6fe-e040-4991-8d49-29230c88b643","c654d714-e02a-48f8-aaed-93db25cd9d15",0,2,7,0,2025-03-17T19:37:11.795Z
"ac610044-309a-45c9-a345-72b4be8d12b0","bbdb0453-4d4d-45ed-ba49-e132cae453f1",0,0,0,0,2025-03-17T01:36:05.626Z
"b9ffc64a-6851-4b86-bd73-b634849a8079","59aee7d1-1d45-4386-a3e4-c164cc4de46d",1,0,1,0,2025-03-17T19:45:34.662Z
"95748756-d27e-4939-a83f-1982c3621da7","e035a8c3-809b-4989-aa39-d5dae607c309",0,0,0,0,2025-03-17T01:36:15.288Z
"95c682d7-cce0-4eb6-baaa-0683960ffff0","bf456723-0c50-448d-9732-623f581da6a0",0,0,0,0,2025-03-17T01:36:16.719Z
"3d2b1f29-5a58-44e2-b9c6-038481e2e793","844c3033-7af0-46bc-965f-d7d6c8696660",0,0,0,0,2025-03-17T01:36:17.374Z
"faf61c7c-a30a-46f0-8ad9-1dc04d999998","f7a0e68c-d889-4436-be6a-9f592244ecf0",0,0,0,0,2025-03-17T01:36:17.825Z
"7d8e9ee9-7fed-4ea5-9ccb-730b4b5a3a41","162a11b3-6138-4540-86ae-f50619bac7f4",0,0,0,0,2025-03-17T01:36:18.827Z
"a45e9631-172a-4fdf-b592-e9cca4bd52e3","00bae889-15b5-402f-976e-60f288c8c882",0,0,0,0,2025-03-17T01:36:19.336Z
"2d06ccca-7633-4b9c-9971-4a301f28d12d","b7c322be-7029-435d-baf3-631200ce6ddb",0,0,0,0,2025-03-17T01:36:19.798Z
"497acd1a-8cf3-4964-9dd8-9d647608c479","90dd0c2f-f8cf-47ff-81a5-9613739b59b3",0,0,0,0,2025-03-17T01:36:20.288Z
"634b011a-fb05-4b5d-87ea-5251a857f615","5ab0ce77-3c98-4659-a98f-357d042047d9",0,0,0,0,2025-03-17T01:36:20.748Z
"e233e921-feca-4ab5-8d86-2129fcf3d037","04699df4-76cd-4f84-900a-dd65d5ae7052",0,0,0,0,2025-03-17T01:36:21.266Z
"71ceb01e-3889-4221-9094-b3919c66acd6","7fa78729-6336-441f-8ed6-9c827de2bfe3",0,0,0,0,2025-03-17T01:36:21.786Z
"562dc412-7601-4533-ad7f-27f74a422a28","b98ca5e9-7424-4208-8f0a-dbac8c6ca808",0,0,0,0,2025-03-17T01:36:22.237Z
"e093dd2c-11f6-452c-ba90-c88d1679cf95","219f782b-fed3-4c58-84ec-25f59e930d34",0,0,0,0,2025-03-17T01:36:22.689Z
"ae2f635f-1f7c-4626-816d-ca2d91624382","23f70fdf-049c-4b86-b946-d66ef18d38b4",0,0,0,0,2025-03-17T01:36:23.152Z
"b4f11ab2-926b-4c49-96da-f1704ae57e55","db27129f-f6b4-409d-8d3a-20a590c816f3",0,0,0,0,2025-03-17T01:36:23.630Z
"06b5e981-05b2-48db-85d3-ef948a0af728","193935c5-ac96-4664-bcc0-9869b84e1548",0,0,0,0,2025-03-17T01:36:24.100Z
"a8464403-0c2d-46b7-a566-ae7b87348667","b25564d4-e26d-4933-baa4-60d04b385a6a",0,0,0,0,2025-03-17T01:36:24.609Z
"3f899cd8-4dfb-42cb-9546-586e80eec9e4","55887d6d-ef93-44fc-9e0a-afb5cbd83df0",0,0,0,0,2025-03-17T01:36:25.066Z
"2e44786c-3545-4181-b1b2-8cadb4e6aeeb","73875939-a972-4927-b0c6-ae68249bfdb9",0,0,0,0,2025-03-17T01:36:25.540Z
"d4bc6288-cbee-4369-984e-275716f44c09","0af2b647-0e29-4f99-b32f-96501608bf3c",0,0,0,0,2025-03-17T01:36:25.993Z
"f9f59924-ad51-48e1-90fc-b7913c84c695","4aaa007f-ff17-452a-8917-4dd47a8102b4",0,0,0,0,2025-03-17T01:36:26.499Z
"0c31ad29-62d2-4791-a314-5184476caa23","31c831b2-5562-4968-ba09-1a5459bb1b92",0,0,0,0,2025-03-17T01:36:26.960Z
"d60492af-7600-4628-9aa0-9414aa84134e","e5e98736-5eed-4bf3-82d5-fbc29eaaf4b2",0,0,0,0,2025-03-17T01:36:27.433Z
"2e1a2f20-571c-4c70-88f3-46e565f7c686","35096d12-6a4a-4e7a-aed9-19b5db5db10c",0,0,0,0,2025-03-17T01:36:27.885Z
"6d9f25a3-e0a4-463e-a733-999281cbcb3b","eccd75c9-812b-4464-b542-8dc1c4fa94f9",0,0,0,0,2025-03-17T01:36:28.386Z
"d406c5e7-ae7d-42c4-ad98-bd6eb7253a6c","d5114658-91f6-4b1f-834d-be49235e419c",0,0,0,0,2025-03-17T01:36:28.841Z
"7ac9de6c-c8ee-454e-a3d7-f19eb2f4daeb","7854fc02-d82c-4044-a52b-dd01380bfd7d",0,0,0,0,2025-03-17T01:36:29.333Z
"7789a660-8aeb-41a5-88a9-c10fabfdb255","533711da-7205-4171-b1b3-76f725ce4da2",0,0,0,0,2025-03-17T01:36:29.796Z
"fd529450-b068-4738-926c-725edae77de4","2c91becf-3c2b-4692-a762-66caeec53d1e",0,0,0,0,2025-03-17T01:36:30.441Z
"d1dcf6d3-6ee6-4136-9f34-f504966db49f","d41e8753-0ada-4b33-bed9-a688ffa34d9e",0,0,0,0,2025-03-17T01:36:30.913Z
"d07e52f3-08c0-4411-bd38-84fbc3b4fefc","341b131e-4d79-4f7b-82da-bf8174bcceaf",0,0,0,0,2025-03-17T01:36:31.476Z
"d6b16d78-978f-4058-8859-98b1305cb221","4a8a627b-d49e-478c-9a93-d08d4100837a",0,0,0,0,2025-03-17T01:36:31.930Z
"25d71336-ec82-492f-91e3-2db1a79e6bb4","2bc0e5cc-9d7e-438c-b1b3-c963b3c84aec",0,0,0,0,2025-03-17T01:36:32.469Z
"63456f07-9dce-48b3-abf2-b5b4fdb1789a","77261e65-6403-44cf-9f3f-2cc9f3d95f13",0,0,0,0,2025-03-17T01:36:33.425Z
"b01f3212-5d2b-4421-8372-47b9784d2c77","07b92061-6f7f-4355-8be5-7e215deba937",0,0,0,0,2025-03-17T01:36:33.896Z
"ab84769f-4687-46e8-a668-238c68b4bcdf","8b7021c3-73e4-46d9-b84f-b6291be61d3a",0,0,0,0,2025-03-17T01:36:34.379Z
"f0b24095-fe26-4018-ba39-b9e4d169fae3","084cfb0c-2623-48cf-b8d6-2d6d6c0baec1",0,0,0,0,2025-03-17T01:36:34.829Z
"89541790-f081-4551-a1ef-113162d39909","2272eed7-d25d-496f-aece-6aa7cbaac8bd",3,9,21,3,2025-03-17T04:47:12.485Z
"2177231d-eb1f-482a-9d79-cdb4824b9a11","95b4658f-3578-4409-be47-6ec79ff6204f",0,0,0,0,2025-03-17T01:36:35.298Z
"d3efc8d4-393b-4109-a894-6887d54febc2","d801607f-418e-4330-8f75-d947467ce3aa",0,0,0,0,2025-03-17T01:36:35.768Z
"2e566c8a-071b-4865-a78c-0fbce8d52a9f","ba0fa9e9-9eba-403c-be52-2a136ecf3b7a",0,0,0,0,2025-03-17T01:36:36.240Z
"9fb1e2be-11a6-4c6e-ba53-41e25bcee833","22845991-0fb6-4bdf-9725-0525b565699c",0,0,0,0,2025-03-17T01:36:36.725Z
"0036efd7-b62b-4312-82d5-ca91e29eb7ab","dfba9261-3270-4ba2-9110-5103eb8c03c9",0,0,0,0,2025-03-17T01:36:37.211Z
"35a40c22-fe74-4079-b2a6-8c4a1378f31e","bcbbaf7b-bd8e-413d-b42b-e483d4dec771",0,0,0,0,2025-03-17T01:36:37.689Z
"2f2a2acb-9c26-4eaa-ada5-eb2f0b0ac9b5","ed450b52-5caa-492f-8790-d3c6b4f77fff",0,0,0,0,2025-03-17T01:36:38.196Z
"a8710d88-3ce4-48b2-ae0f-71f78f5f65d4","f0e24ffc-e714-4da0-8510-35cfbb521ffb",0,0,0,0,2025-03-17T01:36:38.683Z
"6c707f6d-a44f-4e8a-a90a-43ac36133564","8ad6e622-f36f-42e3-aac7-92aa7d3a8288",0,0,0,0,2025-03-17T01:36:39.659Z
"f39c4746-f6c3-4aa2-8819-637d896ee6d4","788597c7-0923-4688-a425-6e694b0007d2",0,0,0,0,2025-03-17T01:36:40.187Z
"7e019a74-3880-4bbc-9cd7-87a2a8080e7f","8759da60-d5ce-42b4-b0aa-fafdbd345aa2",0,0,0,0,2025-03-17T01:36:40.683Z
"fd664fdd-33f7-463f-bcd3-6f55f0ac316c","25754fe0-22d6-4e01-b552-add4be72ae48",0,0,0,0,2025-03-17T01:36:41.197Z
"af8acac7-23a9-4cab-9c18-7341d98eb53e","af707792-b791-4803-9d5d-dd83bf7fcc87",0,0,0,0,2025-03-17T01:36:41.689Z
"4214efa5-ca26-49c0-ad81-9d4712ff3cb5","0b859c68-a877-40a3-9f8e-ca0bc40317b5",0,0,0,0,2025-03-17T01:36:42.174Z
"2584270f-ca09-4772-83d4-9fa7e4690809","f67f4c00-47fa-4ee3-a7bd-8a1bacd6f95e",0,0,0,0,2025-03-17T01:36:42.676Z
"ea3c6dd3-da14-481e-a2ae-a7884d937c5a","9359a360-70c0-43ad-bceb-9912f7d134da",0,0,0,0,2025-03-17T01:36:43.154Z
"3b363df3-a3cf-4807-8129-8a397be8b020","8cfc30a0-f692-4e4e-bdca-ad4c2c372cd1",0,0,0,0,2025-03-17T01:36:43.649Z
"8f526b13-d5f4-4c27-8eb4-13950d02b664","d5663aac-ae60-473b-b36d-d00b4504dcc2",0,0,0,0,2025-03-17T01:36:44.124Z
"2778d65c-0e38-4339-8001-88f3d9f2467b","c10111fb-d178-4643-b837-7ef19bef8f41",0,0,0,0,2025-03-17T01:36:44.687Z
"1f305a70-6825-47b6-9acd-c5d1147f39f6","59b2393e-ebab-4d7e-b9c3-b2aaa0bd8513",0,0,0,0,2025-03-17T01:36:45.167Z
"c89e3026-dd1e-4efe-8d84-2b6019adc7fe","dca78d28-45b4-44ea-9bc7-80baf7008641",0,0,0,0,2025-03-17T01:36:45.800Z
"90b4082a-d615-4b9f-a376-a18a7c3ecdbb","07d6775c-e242-4597-a44e-e22437a49459",0,0,0,0,2025-03-17T01:36:46.304Z
"0b34822f-24bf-4b17-b15d-b9fbb3511e90","16d4082f-5b2f-4528-bc21-c105e46abbdf",0,0,0,0,2025-03-17T01:36:46.791Z
"9a09bc08-4bd9-4b98-b877-3eb81fa5f17e","9748c31e-640b-4263-b719-da3a8f08736e",0,0,0,0,2025-03-17T01:36:47.283Z
"00f2b6f0-5d25-44fb-8efd-f22b197e0616","b4d24777-f913-46b7-983d-88490a68e2c0",0,0,0,0,2025-03-17T01:36:47.740Z
"b867effd-2904-4f6c-8403-533dd9732502","4626e481-051b-4832-ba44-be606da797c6",0,0,0,0,2025-03-17T01:36:48.221Z
"9f31e780-7645-4c61-b52a-aaf08c08f8eb","8f9010c4-d77b-4887-9cc3-0c9b7010c569",0,0,0,0,2025-03-17T01:36:48.753Z
"db50a8ac-a94b-47b0-9a10-a7c3bbee20bc","bbbf2d80-4dba-4faf-a777-09cb88159bc1",0,0,0,0,2025-03-17T01:36:49.251Z
"925b2cbd-4990-4350-9989-13d95e7ad627","6cb521f3-5336-4f75-8bbb-9b67d8b7ba3f",0,0,0,0,2025-03-17T01:36:49.713Z
"bb913823-0dab-4835-bfcb-b8d2e5b9ed4c","83afb8c5-9e23-4fa8-9168-83decbd7978d",0,0,0,0,2025-03-17T01:36:50.219Z
"0121c97c-866c-4d87-b2ae-582da6795d5d","d2bc2c08-c7b5-47b7-b45b-fa3b5b2e8f36",0,0,0,0,2025-03-17T01:36:50.747Z
"54b6f21a-074c-4cb1-af9c-b53191106a01","9b149ef6-7d84-4edc-8283-8b5522ce3518",0,0,0,0,2025-03-17T01:36:51.281Z
"12588c63-94df-453b-9b86-ba7073edad93","7f37cb28-0731-4c2a-b1b9-16cd56a57367",0,0,0,0,2025-03-17T01:36:51.767Z
"b0664f2d-8f50-4904-bcba-42b18a0588c8","4b3fa1ed-a7fa-4185-9f03-519c76913aca",0,0,0,0,2025-03-17T01:36:52.295Z
"4005687c-749b-48ec-afd7-b5824da47e2b","0dd8000b-48c2-4f63-addc-f4e908dd939e",0,0,0,0,2025-03-17T01:36:53.288Z
"ab4f275b-2a41-48eb-80bb-84da78d4073b","46250f21-9a73-4146-88f4-513a1c5f99d9",0,0,0,0,2025-03-17T01:36:53.774Z
"2647bf0b-b02e-4c4b-98ac-4b8807fc73ab","18b64c24-3028-4d04-98e5-c4382f0c8cd0",0,0,0,0,2025-03-17T01:36:55.732Z
"739795ca-90e3-4e5e-a673-db374e4ddc37","4bebe6a9-db56-453e-a85d-0400cb5a08f5",0,0,0,0,2025-03-17T01:36:56.232Z
"5a78b654-3526-4284-b474-492250442258","8074fbb7-fe43-4c9b-aa2b-839438670652",0,0,0,0,2025-03-17T01:36:56.716Z
"aa508cd1-580e-450c-aacd-203ffcd32da6","61f434ad-2388-45de-b373-b561be63590b",0,0,0,0,2025-03-17T01:36:57.188Z
"ef81b2f7-bc0f-4aae-9ca9-7bbd73210ca2","3e78f568-8737-4c77-a46b-e326470acb70",0,0,0,0,2025-03-17T01:36:57.659Z
"f6b63018-6341-4179-9074-a5c725d5fc36","24d8d342-b1d7-40ee-8ad4-6c5636c04661",0,0,0,0,2025-03-17T01:36:58.122Z
"c37a5659-ca8d-4149-8beb-96799c6013d9","13a9b6f6-0b5b-416b-ab9e-3e143dd6bfce",3,0,0,0,2025-03-17T03:19:23.507Z
"0b7dbbb7-1bb3-4c8a-b3a2-f4c5c81d43ff","20f4e68a-8d53-454a-a405-d40fa30e4674",6,0,1,0,2025-03-17T04:50:14.735Z
"9f538791-117f-4fcc-b7ef-7028e4d7e3c6","bfbf5cd7-c44b-4054-a1a8-71455c04f29d",1,0,0,0,2025-03-17T03:46:03.006Z
"6092020e-4877-46c0-8838-dbf51cbc74d8","2bfa4820-05e8-429d-91db-fd43914f98f9",1,0,0,0,2025-03-17T04:44:50.099Z
"88bc106c-7c94-4c5b-a9af-aedbfb4f8f21","8d3ebac9-6a26-4269-96c4-d6da0514d5b1",3,0,0,0,2025-03-17T03:59:14.289Z
"143b3c84-1748-4b7a-947a-cb5147e8f3fb","708299c8-25f6-45c6-ad30-3dc8592775d4",7,4,2,0,2025-03-17T04:50:21.292Z
"fd2567bf-53ad-40d1-bf27-5752a8765812","e0173448-5bdb-410d-a47b-0174bf726c8b",1,0,0,0,2025-03-17T04:29:24.543Z
"11fb5f42-4d54-461b-b314-4a22c046ec8c","86c45ba5-ab0f-452b-b1e8-877a898bec14",2,0,0,0,2025-03-17T04:04:21.739Z
"3d097a0a-9052-4e42-941f-f5b91a9070ed","c60de4b9-bb22-4b66-ba31-8a6754f8a876",2,1,0,0,2025-03-17T04:40:55.363Z
"cb25e905-caf4-4024-a5bd-2b498ae2e6bf","a3235777-29c9-418d-8b3d-bec551b9e174",1,0,0,0,2025-03-17T04:50:40.723Z
"eecc0ef9-029d-4ad3-a229-f79281d7f882","408320e2-1adb-470a-b015-6e39bf8a5990",6,6,4,1,2025-03-17T19:31:27.425Z
"3009cc21-95b1-414b-8069-bb06c3862535","91698f39-9bc5-464f-8aaf-e73a8a0f3cea",3,3,0,0,2025-03-17T19:28:35.295Z
"a3b5bf27-3d3d-4eb8-813e-476c615cfc13","1c44b058-5546-4826-ae5b-262763ad2a31",1,12,0,0,2025-03-17T19:33:07.389Z