id,gameId,views,plays,likes,dislikes,lastUpdated
1ae5bc0e-90b8-4226-8ef8-92a7eb67b5de,bb935fc4-4063-4709-874a-20e8dd1ba36f,0,0,0,0,2025-03-16T16:43:06.281Z
3f33d791-e22f-4007-a0fe-8b4694593268,2964c8d9-953c-41a9-aa4f-653d261d14e6,0,0,0,0,2025-03-16T16:43:06.281Z
d5731539-2de8-4402-a4e9-c1bc3d4341f0,3ebb0eb7-753f-4778-8b67-7fd98a94b49c,0,0,0,0,2025-03-16T16:43:06.281Z
4bd8c5a0-3247-43f7-b306-d7ae668a872a,d5fba96c-069e-4242-9206-3d145ccf899a,0,0,0,0,2025-03-16T16:43:06.281Z
498c7d3e-eeec-4eb9-8af9-4f827c90824c,f8279a3a-cbc2-446e-a640-080b05366998,0,0,0,0,2025-03-16T16:43:06.281Z
1796e32a-1a72-4e1b-a10a-cd7d812c6d28,708299c8-25f6-45c6-ad30-3dc8592775d4,0,0,0,0,2025-03-16T16:43:06.281Z
cf8199dc-4fd5-40f8-a065-ace723cb47c8,34734b25-58ec-46ab-ac41-1bceccdab4fa,0,0,0,0,2025-03-16T16:43:06.281Z
8506476b-a95b-4c0d-bba4-ec916110bae8,63ecb365-86eb-4c0e-9100-b697c7df6a90,0,0,0,0,2025-03-16T16:43:06.281Z
0180f86d-190b-4906-b3d5-b63bee8f8c1b,8c2d3fdb-bfa7-4838-9e7e-fbe9ca69c12b,0,0,0,0,2025-03-16T16:43:06.281Z
0f5afa55-e253-4bdf-917b-0ac7261b9dab,30cdfe59-56b7-4ea4-8f20-c975698e4541,0,0,0,0,2025-03-16T16:43:06.281Z
6bcd1876-0b66-4ce4-b67f-04481af41ab0,d051bf0c-f860-4345-9939-50a140883a81,0,0,0,0,2025-03-16T16:43:06.281Z
6394a288-039a-4268-9610-013da2636282,bbdb0453-4d4d-45ed-ba49-e132cae453f1,0,0,0,0,2025-03-16T16:43:06.281Z
8328db1b-9132-468e-a169-81e5f33667af,ab63d367-d150-4f94-9b3a-f24261a9c3f5,0,0,0,0,2025-03-16T16:43:06.281Z
49f803bf-0853-4b47-a9f3-a2446f4077b1,f8d63a60-5c56-472f-8340-b83d2f75ac7e,0,0,0,0,2025-03-16T16:43:06.281Z
1647784d-aedf-494f-9292-1f08838e9877,c2b2dd37-f398-43cd-9eee-b94398646776,0,0,0,0,2025-03-16T16:43:06.281Z
c2293d52-f827-402f-9b9e-42ba0b36adad,1a829f26-1a78-41e8-a46f-7c3d29cab21e,0,0,0,0,2025-03-16T16:43:06.281Z
788b16fe-70e3-446d-bd66-15fea07b9927,ee73ba45-ac21-45ec-a3ce-452d84bf16bb,0,0,0,0,2025-03-16T16:43:06.281Z
9ff3048e-3ce0-4e11-bae2-c8dd3ab5c480,0e505c75-4896-4950-96bf-a6687c236395,0,0,0,0,2025-03-16T16:43:06.281Z
1d7d2729-3be7-460e-ae50-73bbf91eaad9,161e4df4-76ec-4b31-942b-a230c09a32c6,0,0,0,0,2025-03-16T16:43:06.281Z
91ec1111-2c30-4007-93c1-f37f5d3cbbf4,bb993bbe-37a6-4430-bf75-91b48d7ce432,0,0,0,0,2025-03-16T16:43:06.281Z
a45895df-ee4f-4db9-ba51-86f898caccb9,cefb2d64-ba73-4528-9da5-f9c99e92a8cc,0,0,0,0,2025-03-16T16:43:06.281Z
d1f3fa2e-84d8-4731-a261-744883697f75,cb3bc3ff-2c60-4bd0-80a5-a9de7c750036,0,0,0,0,2025-03-16T16:43:06.281Z
f363faec-4df1-42bf-bfe7-e37dee09e7be,c2961456-978c-4d49-a511-e47e7ad7f09c,0,0,0,0,2025-03-16T16:43:06.281Z
70df1cb0-f0bf-4119-a417-3223d9abbc1f,6be297de-a08f-496a-9961-f422d69b481b,0,0,0,0,2025-03-16T16:43:06.281Z
60f66feb-cf5b-4da0-8053-7484cc1c9798,27fa058b-458c-48e6-9072-3136bf83db18,0,0,0,0,2025-03-16T16:43:06.281Z
b2887333-ca83-407d-85f8-58ff9e52b1db,cfd79552-02e7-46d6-9c92-925a4d89b7e5,0,0,0,0,2025-03-16T16:43:06.281Z
63c2e188-5a82-479f-981f-e1298ed4a3fa,484a00fb-2127-4321-bf3f-fc6227d3d6c6,0,0,0,0,2025-03-16T16:43:06.281Z
82e705fa-4f85-4800-ade7-24c69d7265f7,b4a968aa-3c72-4b1a-af34-6b09cc5d20c5,0,0,0,0,2025-03-16T16:43:06.281Z
efa651f5-65aa-47d5-b608-4cfeb63a406f,622b63f2-e6d7-4c24-853c-ecbcf510e51a,0,0,0,0,2025-03-16T16:43:06.281Z
f21c51cb-1e91-4e39-b624-a43aa092cb77,f14cb001-9d91-403d-9e30-681a0a9c3b92,0,0,0,0,2025-03-16T16:43:06.281Z
b3c45e17-650a-4e23-b485-5d1b09651187,e035a8c3-809b-4989-aa39-d5dae607c309,0,0,0,0,2025-03-16T16:43:06.281Z
34cf6ad3-b796-4388-a9ae-bb6071c04e7b,2272eed7-d25d-496f-aece-6aa7cbaac8bd,0,0,0,0,2025-03-16T16:43:06.281Z
f56f124c-1b43-4bf4-8756-c60313d88df6,079f6737-ecb5-44b9-9456-3ecbc5d6c8e6,0,0,0,0,2025-03-16T16:43:06.281Z
16051e28-885f-4d0b-803e-8b271ff764fd,bf456723-0c50-448d-9732-623f581da6a0,0,0,0,0,2025-03-16T16:43:06.281Z
4b4afa03-e603-4c22-bf88-fa160157fb58,844c3033-7af0-46bc-965f-d7d6c8696660,0,0,0,0,2025-03-16T16:43:06.281Z
77661627-1495-40a3-859e-bc12005a413e,f7a0e68c-d889-4436-be6a-9f592244ecf0,0,0,0,0,2025-03-16T16:43:06.281Z
80a8177d-0a7d-4a13-9b91-077242825339,13a9b6f6-0b5b-416b-ab9e-3e143dd6bfce,0,0,0,0,2025-03-16T16:43:06.281Z
a41ff0ab-9cf5-42f6-892b-e0833f2d1ade,162a11b3-6138-4540-86ae-f50619bac7f4,0,0,0,0,2025-03-16T16:43:06.281Z
9394f4f4-6506-46a1-826e-ce0377108f0e,00bae889-15b5-402f-976e-60f288c8c882,0,0,0,0,2025-03-16T16:43:06.282Z
4767a819-3792-477a-bab5-d59b317e3546,b7c322be-7029-435d-baf3-631200ce6ddb,0,0,0,0,2025-03-16T16:43:06.282Z
334b805a-5c13-4e41-a63d-ffc3fec50fbe,90dd0c2f-f8cf-47ff-81a5-9613739b59b3,0,0,0,0,2025-03-16T16:43:06.282Z
438bed7c-eb66-4128-a7f9-89db320d42cc,5ab0ce77-3c98-4659-a98f-357d042047d9,0,0,0,0,2025-03-16T16:43:06.282Z
d5954b7e-d8d8-4c34-9457-963e8f2aa21b,04699df4-76cd-4f84-900a-dd65d5ae7052,0,0,0,0,2025-03-16T16:43:06.282Z
a1e6a884-1e22-439a-869c-e0b618597cf1,7fa78729-6336-441f-8ed6-9c827de2bfe3,0,0,0,0,2025-03-16T16:43:06.282Z
f3a42937-05b5-47fc-85fa-f57517786e75,b98ca5e9-7424-4208-8f0a-dbac8c6ca808,0,0,0,0,2025-03-16T16:43:06.282Z
5ecf61ee-cf2d-493b-ae6a-b4a213a8ca4e,219f782b-fed3-4c58-84ec-25f59e930d34,0,0,0,0,2025-03-16T16:43:06.282Z
f61e9630-7351-45c9-b8ee-8918412c14b6,23f70fdf-049c-4b86-b946-d66ef18d38b4,0,0,0,0,2025-03-16T16:43:06.282Z
a987e965-a59b-44f8-9857-62e2982994e7,db27129f-f6b4-409d-8d3a-20a590c816f3,0,0,0,0,2025-03-16T16:43:06.282Z
fd4537a1-e43a-4a33-be5c-c09bd0c529fb,193935c5-ac96-4664-bcc0-9869b84e1548,0,0,0,0,2025-03-16T16:43:06.282Z
01c01f6e-15f5-499a-af13-2bec06179eac,b25564d4-e26d-4933-baa4-60d04b385a6a,0,0,0,0,2025-03-16T16:43:06.282Z
a608c3ab-268f-4521-a26f-67a2eb1cee2d,55887d6d-ef93-44fc-9e0a-afb5cbd83df0,0,0,0,0,2025-03-16T16:43:06.282Z
af9095cb-3368-41e5-9de1-1106ee14c677,73875939-a972-4927-b0c6-ae68249bfdb9,0,0,0,0,2025-03-16T16:43:06.282Z
17d1161d-a0d2-4b65-b1bd-605db41a1c64,0af2b647-0e29-4f99-b32f-96501608bf3c,0,0,0,0,2025-03-16T16:43:06.282Z
14bd0796-699d-469a-9f19-5243bc041b62,4aaa007f-ff17-452a-8917-4dd47a8102b4,0,0,0,0,2025-03-16T16:43:06.282Z
df2bb7d7-2b5a-426c-a84d-b9fad7a99b42,31c831b2-5562-4968-ba09-1a5459bb1b92,0,0,0,0,2025-03-16T16:43:06.282Z
1b8e8195-2b24-4ff1-80e5-cb3a8785f5da,e5e98736-5eed-4bf3-82d5-fbc29eaaf4b2,0,0,0,0,2025-03-16T16:43:06.282Z
ee42a12b-418f-4354-acf8-22a9ca73fd67,35096d12-6a4a-4e7a-aed9-19b5db5db10c,0,0,0,0,2025-03-16T16:43:06.282Z
24e17b3e-5823-4cbc-809a-a8b1e1e2d053,eccd75c9-812b-4464-b542-8dc1c4fa94f9,0,0,0,0,2025-03-16T16:43:06.282Z
7b28f7d3-77cf-4a05-a319-a7d099c988df,d5114658-91f6-4b1f-834d-be49235e419c,0,0,0,0,2025-03-16T16:43:06.282Z
20ab3988-15f8-400f-bd0e-a505b3329e00,7854fc02-d82c-4044-a52b-dd01380bfd7d,0,0,0,0,2025-03-16T16:43:06.282Z
c65e714b-d7fa-4ffb-8219-8921d5327115,533711da-7205-4171-b1b3-76f725ce4da2,0,0,0,0,2025-03-16T16:43:06.282Z
2851b0ac-d9fb-4958-b0fe-2fb93f0ca4d6,2c91becf-3c2b-4692-a762-66caeec53d1e,0,0,0,0,2025-03-16T16:43:06.282Z
6258b86b-1156-4252-9b53-7178f0b42f95,d41e8753-0ada-4b33-bed9-a688ffa34d9e,0,0,0,0,2025-03-16T16:43:06.282Z
94111c8d-c2e1-4380-9a0e-703b75cf97d9,341b131e-4d79-4f7b-82da-bf8174bcceaf,0,0,0,0,2025-03-16T16:43:06.282Z
95af479e-4efb-4837-9653-533c58967204,4a8a627b-d49e-478c-9a93-d08d4100837a,0,0,0,0,2025-03-16T16:43:06.282Z
c9ed542d-98d6-4b0c-8b1d-3bd142200fb2,2bc0e5cc-9d7e-438c-b1b3-c963b3c84aec,0,0,0,0,2025-03-16T16:43:06.282Z
2eb4154a-16d8-42f4-81dc-94eb30c5818b,59aee7d1-1d45-4386-a3e4-c164cc4de46d,0,0,0,0,2025-03-16T16:43:06.282Z
1306f78d-cb77-4df2-b899-359c38bfb775,77261e65-6403-44cf-9f3f-2cc9f3d95f13,0,0,0,0,2025-03-16T16:43:06.282Z
900adc53-8e4b-4b51-8b28-ddc3c8cb8c98,07b92061-6f7f-4355-8be5-7e215deba937,0,0,0,0,2025-03-16T16:43:06.282Z
ffd0d582-11df-4258-ba1d-ff08dcc1e865,8b7021c3-73e4-46d9-b84f-b6291be61d3a,0,0,0,0,2025-03-16T16:43:06.282Z
74634338-9abe-48c9-a806-95348a117511,084cfb0c-2623-48cf-b8d6-2d6d6c0baec1,0,0,0,0,2025-03-16T16:43:06.282Z
d73749af-d600-4e78-9ff7-2994c6dd0449,95b4658f-3578-4409-be47-6ec79ff6204f,0,0,0,0,2025-03-16T16:43:06.282Z
b7c3e655-bc93-43ce-919b-b4dd1335538a,d801607f-418e-4330-8f75-d947467ce3aa,0,0,0,0,2025-03-16T16:43:06.282Z
dec5c2a0-5c98-408a-b792-e340b4fb648a,ba0fa9e9-9eba-403c-be52-2a136ecf3b7a,0,0,0,0,2025-03-16T16:43:06.282Z
6b9c26bf-31ed-4950-acac-01cca8eeb286,22845991-0fb6-4bdf-9725-0525b565699c,0,0,0,0,2025-03-16T16:43:06.282Z
5c2866cc-858b-45a6-bccd-d9858aa8e1c8,dfba9261-3270-4ba2-9110-5103eb8c03c9,0,0,0,0,2025-03-16T16:43:06.282Z
2ab134aa-c198-40ed-91cf-bd35ef968d02,bcbbaf7b-bd8e-413d-b42b-e483d4dec771,0,0,0,0,2025-03-16T16:43:06.282Z
2f3125c3-f8ae-48ee-afef-1423ba294503,ed450b52-5caa-492f-8790-d3c6b4f77fff,0,0,0,0,2025-03-16T16:43:06.282Z
1b83ab42-180f-4005-bfab-6cf087f31f0f,f0e24ffc-e714-4da0-8510-35cfbb521ffb,0,0,0,0,2025-03-16T16:43:06.282Z
46be40e5-cacd-4a79-b28b-cbf1ae34123f,e0173448-5bdb-410d-a47b-0174bf726c8b,0,0,0,0,2025-03-16T16:43:06.282Z
07b05a4d-5768-43ee-bb0e-4e3d29f92197,8ad6e622-f36f-42e3-aac7-92aa7d3a8288,0,0,0,0,2025-03-16T16:43:06.282Z
a4a0895d-801a-462e-ba53-383b4d8b84a9,788597c7-0923-4688-a425-6e694b0007d2,0,0,0,0,2025-03-16T16:43:06.282Z
b80d3a7a-46eb-42e2-ab24-43731435635c,8759da60-d5ce-42b4-b0aa-fafdbd345aa2,0,0,0,0,2025-03-16T16:43:06.282Z
92f97eee-00ac-45e8-a225-dc390da96556,25754fe0-22d6-4e01-b552-add4be72ae48,0,0,0,0,2025-03-16T16:43:06.282Z
2ffd341e-251c-4b40-8a50-f2aaa3242df6,af707792-b791-4803-9d5d-dd83bf7fcc87,0,0,0,0,2025-03-16T16:43:06.282Z
46cfd240-9460-4fa3-aae2-b5768944936e,0b859c68-a877-40a3-9f8e-ca0bc40317b5,0,0,0,0,2025-03-16T16:43:06.282Z
0fcb7916-2bb4-470e-9cf9-ad4414a8c91b,f67f4c00-47fa-4ee3-a7bd-8a1bacd6f95e,0,0,0,0,2025-03-16T16:43:06.282Z
f9ad4bfe-73f6-499b-95df-bca5a5371aa8,9359a360-70c0-43ad-bceb-9912f7d134da,0,0,0,0,2025-03-16T16:43:06.282Z
68e36ad9-949c-4dc7-96d8-e358fe2e7b60,8cfc30a0-f692-4e4e-bdca-ad4c2c372cd1,0,0,0,0,2025-03-16T16:43:06.282Z
443982b8-3898-481c-a8dd-447ec3ac8912,d5663aac-ae60-473b-b36d-d00b4504dcc2,0,0,0,0,2025-03-16T16:43:06.282Z
a1f94a9b-3593-4798-a825-0c3c7440a38a,c10111fb-d178-4643-b837-7ef19bef8f41,0,0,0,0,2025-03-16T16:43:06.282Z
2c510a8b-060b-46f6-99d9-d9295bdaf7b7,59b2393e-ebab-4d7e-b9c3-b2aaa0bd8513,0,0,0,0,2025-03-16T16:43:06.282Z
ed0357da-5f11-47d8-8807-ad22d8f8e6d6,dca78d28-45b4-44ea-9bc7-80baf7008641,0,0,0,0,2025-03-16T16:43:06.282Z
8cc7fa01-f94d-46a4-a3ce-6393a883c779,07d6775c-e242-4597-a44e-e22437a49459,0,0,0,0,2025-03-16T16:43:06.282Z
0b75fa05-f40d-4071-b98a-808b8e71888f,16d4082f-5b2f-4528-bc21-c105e46abbdf,0,0,0,0,2025-03-16T16:43:06.282Z
4c3a15b1-311c-4be1-b5e3-6b0fb9d7c37f,9748c31e-640b-4263-b719-da3a8f08736e,0,0,0,0,2025-03-16T16:43:06.282Z
d95af5c6-ddfd-4704-b06e-4a94e2743cfa,b4d24777-f913-46b7-983d-88490a68e2c0,0,0,0,0,2025-03-16T16:43:06.282Z
ccb2e428-a8e7-43b0-986b-1c92e4b07d16,4626e481-051b-4832-ba44-be606da797c6,0,0,0,0,2025-03-16T16:43:06.282Z
ebe00199-0661-4f7b-af88-11a8512623ba,8f9010c4-d77b-4887-9cc3-0c9b7010c569,0,0,0,0,2025-03-16T16:43:06.282Z
95606846-4367-42ee-915b-368d06d4dc22,bbbf2d80-4dba-4faf-a777-09cb88159bc1,0,0,0,0,2025-03-16T16:43:06.282Z
17630d70-6a47-4fe9-91c8-01f440564c5c,6cb521f3-5336-4f75-8bbb-9b67d8b7ba3f,0,0,0,0,2025-03-16T16:43:06.282Z
0252a8f7-df49-4343-bfd1-2a308839e5d7,83afb8c5-9e23-4fa8-9168-83decbd7978d,0,0,0,0,2025-03-16T16:43:06.282Z
eb8da755-275b-4b32-a9fc-840a3b264d86,d2bc2c08-c7b5-47b7-b45b-fa3b5b2e8f36,0,0,0,0,2025-03-16T16:43:06.282Z
0c7e692c-a53c-4a10-82af-852a9dd7f264,9b149ef6-7d84-4edc-8283-8b5522ce3518,0,0,0,0,2025-03-16T16:43:06.282Z
a64ff031-bb21-422b-80f7-03fc68386de0,7f37cb28-0731-4c2a-b1b9-16cd56a57367,0,0,0,0,2025-03-16T16:43:06.282Z
89953dec-9862-499c-8aaf-e9500cc1932a,4b3fa1ed-a7fa-4185-9f03-519c76913aca,0,0,0,0,2025-03-16T16:43:06.282Z
6f3b0d35-26e9-4af8-b066-eebcb758a7b5,a34e04c8-bf1e-43b0-bfe3-63166dec9233,0,0,0,0,2025-03-16T16:43:06.282Z
274ed3d5-9722-4d4e-bfc8-9538f509adb2,0dd8000b-48c2-4f63-addc-f4e908dd939e,0,0,0,0,2025-03-16T16:43:06.282Z
c5c7e540-d6b8-48b6-9682-c56e36951fc2,46250f21-9a73-4146-88f4-513a1c5f99d9,0,0,0,0,2025-03-16T16:43:06.282Z
24566f91-edc8-4737-907d-e73bc1ab2c81,fa72a301-f51a-4deb-8201-7a608bc41871,0,0,0,0,2025-03-16T16:43:06.282Z
7fc1551f-5a48-4a99-9602-c3528df37c61,6ae26100-ee20-4d6e-91e3-24feaa571f2d,0,0,0,0,2025-03-16T16:43:06.282Z
6e23aeb2-a40a-4d3b-a60d-0d2064779683,d7ab22a4-8dd8-42ec-836d-3c7c3ff19d6a,0,0,0,0,2025-03-16T16:43:06.282Z
3664a9a1-fc73-43b1-ac9a-28f7d5494d13,18b64c24-3028-4d04-98e5-c4382f0c8cd0,0,0,0,0,2025-03-16T16:43:06.282Z
50982140-4370-4b67-90e1-fc82b5a25bd8,4bebe6a9-db56-453e-a85d-0400cb5a08f5,0,0,0,0,2025-03-16T16:43:06.282Z
961cfef0-ea7d-42a1-bc1b-a0273cd3c0f0,8074fbb7-fe43-4c9b-aa2b-839438670652,0,0,0,0,2025-03-16T16:43:06.282Z
e9a907f9-eb55-4539-9ea0-9e1f290328fc,61f434ad-2388-45de-b373-b561be63590b,0,0,0,0,2025-03-16T16:43:06.282Z
87516443-ca41-43ad-b0ba-b65f48c8301d,3e78f568-8737-4c77-a46b-e326470acb70,0,0,0,0,2025-03-16T16:43:06.282Z
75a6156f-63f3-453a-a599-fb661dfb2835,24d8d342-b1d7-40ee-8ad4-6c5636c04661,0,0,0,0,2025-03-16T16:43:06.282Z
f0cd6ddb-1d4b-491b-86c7-756ba6c77c21,a3235777-29c9-418d-8b3d-bec551b9e174,0,0,0,0,2025-03-16T16:43:06.282Z
03b06a8a-5587-47ea-a734-238a46b81a94,2bfa4820-05e8-429d-91db-fd43914f98f9,0,0,0,0,2025-03-16T16:43:06.282Z
60ab64be-63d5-4ef1-b6b1-1989b17102f9,c60de4b9-bb22-4b66-ba31-8a6754f8a876,0,0,0,0,2025-03-16T16:43:06.282Z
15e72d76-c99b-4176-8270-fff663ef3ac4,86c45ba5-ab0f-452b-b1e8-877a898bec14,0,0,0,0,2025-03-16T16:43:06.282Z
5a18dc35-853f-4052-9b7b-68e0bc07adb3,8d3ebac9-6a26-4269-96c4-d6da0514d5b1,0,0,0,0,2025-03-16T16:43:06.282Z
0143a5fe-a6e5-476c-aa91-5eec52c48b36,bfbf5cd7-c44b-4054-a1a8-71455c04f29d,0,0,0,0,2025-03-16T16:43:06.282Z
f2b9ea3c-e809-4be7-a846-1fc9a0d49611,20f4e68a-8d53-454a-a405-d40fa30e4674,0,0,0,0,2025-03-16T16:43:06.282Z
45cf272f-b55b-47b2-8b23-ac6cdfa2b83e,1c44b058-5546-4826-ae5b-262763ad2a31,0,0,0,0,2025-03-16T16:43:06.282Z
df6b5eec-c9a3-44c4-adbb-286f6f458823,91698f39-9bc5-464f-8aaf-e73a8a0f3cea,0,0,0,0,2025-03-16T16:43:06.282Z
5a84ee1f-19c9-40eb-baf8-019bf766d394,408320e2-1adb-470a-b015-6e39bf8a5990,0,0,0,0,2025-03-16T16:43:06.282Z
