id,title,description,imageUrl,playUrl,authorId,createdAt,updatedAt,tagcategory,xaccount,galleryImage1,galleryImage2,galleryImage3,galleryImage4,featured,stage
"cc4c1e10-ce79-4157-9138-7f59e14ef6fc","Dogfight Arena","Pilot WW2 planes in the most exciting and realistic dogfights!","https://ik.imagekit.io/cbzkrwprl/grokade-screenshots/game_4_1741710492449_Dogfight_Arena_20250310_095322.png.png","https://fly.zullo.fun/","a6c246ae-f84b-4c43-87b4-05db6b55afc3",2025-03-16T02:13:30.327Z,2025-03-22T03:20:03.562Z,,,,,,,false,"PRODUCTION"
"cab0a67a-4967-4c77-901d-12970681ec85","Flight Simulator","Flight simulator with great visuals","https://ik.imagekit.io/cbzkrwprl/grokade-screenshots/game_90_1741710579391_Flight_Simulator_20250310_095558.png.png","https://flyhi.netlify.app/","a6c246ae-f84b-4c43-87b4-05db6b55afc3",2025-03-16T02:13:31.786Z,2025-03-22T03:20:03.874Z,,,,,,,false,"PRODUCTION"
"d5fba96c-069e-4242-9206-3d145ccf899a","Hot Air Balloon","A visually stunning, multiplayer hot air balloon game set over the Alps.","https://ik.imagekit.io/cbzkrwprl/grokade-screenshots/Hot_Air_Balloon_Adventure_20250316_155638.png","https://www.hotairvibe.com/","a6c246ae-f84b-4c43-87b4-05db6b55afc3",2025-03-16T22:22:34.786Z,2025-03-22T03:46:17.543Z,"Sports,Adventure","https://x.com/SieversJosua","https://ik.imagekit.io/cbzkrwprl/grokade-screenshots/Hot_Air_Balloon_Adventure_20250316_155638.png","https://ik.imagekit.io/cbzkrwprl/grokade-screenshots/Hot_Air_Balloon_Adventure_20250310_203245.png","https://ik.imagekit.io/cbzkrwprl/grokade-screenshots/Hot_Air_Balloon_Adventure_20250310_202401.png",,false,"PRODUCTION"
"d675ee59-bc51-4acb-a74a-2a51dca64cbe","Santa's Letter Quest","A fun browser game where Santa throws snowballs at ghosts to collect letters and win.","https://ik.imagekit.io/cbzkrwprl/grokade-screenshots/game_80_1741710567833_Santa_s_Letter_Quest_20250310_095539.png.png","https://www.santasletterquest.com/","a6c246ae-f84b-4c43-87b4-05db6b55afc3",2025-03-16T02:13:34.607Z,2025-03-22T03:20:04.036Z,"Strategy,Puzzle",,,,,,false,"PRODUCTION"
"f68e6594-fe6b-4779-8483-99c510580c6b","Space Combat","Fight In Space","https://ik.imagekit.io/cbzkrwprl/grokade-screenshots/game_91_1741710577243_Space_Combat_20250310_095600.png.png","https://spacefightergame.com/","a6c246ae-f84b-4c43-87b4-05db6b55afc3",2025-03-16T02:13:35.081Z,2025-03-22T03:20:04.232Z,,,,,,,false,"PRODUCTION"
"b492c7d1-f9c5-4b3b-a49b-eae4fe82bc83","Vibe Karting","Karting racing game","https://ik.imagekit.io/cbzkrwprl/grokade-screenshots/game_3_1741710475505_Vibe_Karting_20250310_095320.png.png","https://vibekarting.com/","a6c246ae-f84b-4c43-87b4-05db6b55afc3",2025-03-16T02:13:36.504Z,2025-03-22T03:20:04.777Z,,,,,,,false,"PRODUCTION"
"bb935fc4-4063-4709-874a-20e8dd1ba36f","Antsantsants","You are an ant. You can dig.","https://ik.imagekit.io/cbzkrwprl/grokade-screenshots/Antsantsants_20250310_203309.png","https://antsantsants.xyz","a6c246ae-f84b-4c43-87b4-05db6b55afc3",2025-03-16T22:22:34.786Z,2025-03-22T03:20:04.941Z,"Arcade,Shooter,Sports","https://x.com/ranking091","https://ik.imagekit.io/cbzkrwprl/grokade-screenshots/Antsantsants_20250310_203309.png","https://ik.imagekit.io/cbzkrwprl/grokade-screenshots/Antsantsants_20250316_155749.png","https://ik.imagekit.io/cbzkrwprl/grokade-screenshots/Antsantsants_20250310_202445.png",,false,"PRODUCTION"
"2964c8d9-953c-41a9-aa4f-653d261d14e6","Car vs Monsters","Drive through the city while avoiding or confronting monsters. Collect power-ups to survive longer and defeat enemies!","https://ik.imagekit.io/cbzkrwprl/grokade-screenshots/Car_vs_Monsters_20250310_203205.png","https://3d-racer.netlify.app/","a6c246ae-f84b-4c43-87b4-05db6b55afc3",2025-03-16T22:22:34.786Z,2025-03-22T03:20:05.113Z,"Racing,Shooter,Simulation","https://x.com/markszymik","https://ik.imagekit.io/cbzkrwprl/grokade-screenshots/Car_vs_Monsters_20250310_203205.png","https://ik.imagekit.io/cbzkrwprl/grokade-screenshots/Car_vs_Monsters_20250316_155805.png","https://ik.imagekit.io/cbzkrwprl/grokade-screenshots/Car_vs_Monsters_20250310_202335.png","https://ik.imagekit.io/cbzkrwprl/grokade-screenshots/Car_vs_Monsters_20250316_155546.png",false,"PRODUCTION"
"3ebb0eb7-753f-4778-8b67-7fd98a94b49c","ShooterWorldAI","Multiplayer FPS Game","https://ik.imagekit.io/cbzkrwprl/grokade-screenshots/ShooterWorldAI_20250316_155913.png","https://shooterworldai.com/","a6c246ae-f84b-4c43-87b4-05db6b55afc3",2025-03-16T22:22:34.786Z,2025-03-22T03:20:05.514Z,"Shooter,Action","https://x.com/FeineCapital","https://ik.imagekit.io/cbzkrwprl/grokade-screenshots/ShooterWorldAI_20250316_155913.png","https://ik.imagekit.io/cbzkrwprl/grokade-screenshots/ShooterWorldAI_20250316_155508.png","https://ik.imagekit.io/cbzkrwprl/grokade-screenshots/ShooterWorldAI_20250310_203233.png","https://ik.imagekit.io/cbzkrwprl/grokade-screenshots/ShooterWorldAI_20250310_202438.png",false,"PRODUCTION"
"f8279a3a-cbc2-446e-a640-080b05366998","Word Smash","Fun Typing Challenge Game","https://ik.imagekit.io/cbzkrwprl/grokade-screenshots/Word_Smash_20250316_155852.png","https://wordsmash.apsquared.co","a6c246ae-f84b-4c43-87b4-05db6b55afc3",2025-03-16T22:22:34.786Z,2025-03-22T03:20:05.674Z,"Arcade,Puzzle,Sports","https://x.com/apsquareddev","https://ik.imagekit.io/cbzkrwprl/grokade-screenshots/Word_Smash_20250316_155852.png","https://ik.imagekit.io/cbzkrwprl/grokade-screenshots/Word_Smash_20250316_155937.png","https://ik.imagekit.io/cbzkrwprl/grokade-screenshots/Word_Smash_20250310_203347.png","https://ik.imagekit.io/cbzkrwprl/grokade-screenshots/Word_Smash_20250310_202326.png",false,"PRODUCTION"
"34734b25-58ec-46ab-ac41-1bceccdab4fa","Grid Golf","","https://ik.imagekit.io/cbzkrwprl/grokade-screenshots/Grid_Golf_20250316_160020.png","https://gridgolf.netlify.app/","a6c246ae-f84b-4c43-87b4-05db6b55afc3",2025-03-16T22:22:34.786Z,2025-03-22T03:20:05.835Z,"Sports,Arcade,Platform","https://x.com/byteonwire","https://ik.imagekit.io/cbzkrwprl/grokade-screenshots/Grid_Golf_20250316_160020.png","https://ik.imagekit.io/cbzkrwprl/grokade-screenshots/Grid_Golf_20250310_203339.png","https://ik.imagekit.io/cbzkrwprl/grokade-screenshots/Grid_Golf_20250310_202444.png",,false,"PRODUCTION"
"75d16c0b-6af6-482b-8333-44247339f9e8","Moonlanders","Fly anywhere in the world from your Browser, sim test built with AI assistance","https://ik.imagekit.io/cbzkrwprl/Screenshot_2025-03-20_at_10.09.44_PM_vzqizd.png","https://m.moonlanders.net/","a6c246ae-f84b-4c43-87b4-05db6b55afc3",2025-03-16T02:13:33.450Z,2025-03-22T03:20:05.991Z,"Simulation","https://x.com/jerictan","https://ik.imagekit.io/cbzkrwprl/Screenshot_2025-03-20_at_10.09.44_PM_vzqizd.png",,,,false,"PRODUCTION"
"63ecb365-86eb-4c0e-9100-b697c7df6a90","Pirate and fishing game","Basically you go around and fish and there are monsters that attack you","https://ik.imagekit.io/cbzkrwprl/grokade-screenshots/Pirate_and_fishing_game_20250310_203158.png","https://boats.dyoburon.com/","a6c246ae-f84b-4c43-87b4-05db6b55afc3",2025-03-16T22:22:34.786Z,2025-03-22T03:20:06.399Z,"Racing","https://x.com/dyoburon","https://ik.imagekit.io/cbzkrwprl/grokade-screenshots/Pirate_and_fishing_game_20250310_203158.png","https://ik.imagekit.io/cbzkrwprl/grokade-screenshots/Pirate_and_fishing_game_20250310_202333.png","https://ik.imagekit.io/cbzkrwprl/grokade-screenshots/Pirate_and_fishing_game_20250316_155725.png",,false,"PRODUCTION"
"8c2d3fdb-bfa7-4838-9e7e-fbe9ca69c12b","Boat Race 3D","You drive a boat around Santorini topography, shoot at other boats and listen to cool music","https://ik.imagekit.io/cbzkrwprl/grokade-screenshots/Boat_Race_3D_20250316_155745.png","https://boatrace3d.com/","a6c246ae-f84b-4c43-87b4-05db6b55afc3",2025-03-16T22:22:34.786Z,2025-03-22T03:20:06.569Z,"Racing,Action,Shooter","https://x.com/codefun_xyz","https://ik.imagekit.io/cbzkrwprl/grokade-screenshots/Boat_Race_3D_20250316_155745.png","https://ik.imagekit.io/cbzkrwprl/grokade-screenshots/Boat_Race_3D_20250316_155934.png",,,false,"PRODUCTION"
"30cdfe59-56b7-4ea4-8f20-c975698e4541","Freight Frenzy","Trucking themed endless runner","https://ik.imagekit.io/cbzkrwprl/grokade-screenshots/Freight_Frenzy_20250310_202526.png","https://freightgames.github.io/Freight-Frenzy/","a6c246ae-f84b-4c43-87b4-05db6b55afc3",2025-03-16T22:22:34.786Z,2025-03-22T03:20:06.894Z,"Arcade,Platform,Racing","https://x.com/StephenRuhe","https://ik.imagekit.io/cbzkrwprl/grokade-screenshots/Freight_Frenzy_20250310_202526.png","https://ik.imagekit.io/cbzkrwprl/grokade-screenshots/Freight_Frenzy_20250316_160025.png","https://ik.imagekit.io/cbzkrwprl/grokade-screenshots/Freight_Frenzy_20250316_155943.png","https://ik.imagekit.io/cbzkrwprl/grokade-screenshots/Freight_Frenzy_20250310_203154.png",false,"PRODUCTION"
"e035a8c3-809b-4989-aa39-d5dae607c309","8 pool","AI pool game","https://ik.imagekit.io/cbzkrwprl/grokade-screenshots/8_pool_20250316_155748.png","https://mrdeex.github.io/8pool/","a6c246ae-f84b-4c43-87b4-05db6b55afc3",2025-03-16T22:22:34.786Z,2025-03-22T03:20:07.058Z,"Sports,Arcade","https://x.com/MrDee","https://ik.imagekit.io/cbzkrwprl/grokade-screenshots/8_pool_20250316_155748.png","https://ik.imagekit.io/cbzkrwprl/grokade-screenshots/8_pool_20250310_202506.png","https://ik.imagekit.io/cbzkrwprl/grokade-screenshots/8_pool_20250316_155724.png","https://ik.imagekit.io/cbzkrwprl/grokade-screenshots/8_pool_20250310_203211.png",false,"PRODUCTION"
"844c3033-7af0-46bc-965f-d7d6c8696660","PokeBattle Arena","PokeBattle Arena is a lightweight, turn-based battler where you pick a Pokémon from a random lineup and square off against a surprise opponent. Built using Rep...","https://ik.imagekit.io/cbzkrwprl/grokade-screenshots/PokeBattle_Arena_20250316_155611.png","https://poke-battle-arena.replit.app/","a6c246ae-f84b-4c43-87b4-05db6b55afc3",2025-03-16T22:22:34.786Z,2025-03-22T03:20:07.242Z,"Fighting,Action","https://x.com/rajkstats","https://ik.imagekit.io/cbzkrwprl/grokade-screenshots/PokeBattle_Arena_20250316_155611.png","https://ik.imagekit.io/cbzkrwprl/grokade-screenshots/PokeBattle_Arena_20250310_203221.png","https://ik.imagekit.io/cbzkrwprl/grokade-screenshots/PokeBattle_Arena_20250310_202421.png","https://ik.imagekit.io/cbzkrwprl/grokade-screenshots/PokeBattle_Arena_20250316_155519.png",false,"PRODUCTION"
"0b859c68-a877-40a3-9f8e-ca0bc40317b5","Cybertrucksim","A driving game where you and your buddies can cruise in a Cybertruck!","https://ik.imagekit.io/cbzkrwprl/grokade-screenshots/Cybertrucksim_20250310_202404.png","https://cybertrucksim.com/","a6c246ae-f84b-4c43-87b4-05db6b55afc3",2025-03-16T22:22:34.786Z,2025-03-22T03:20:07.478Z,"Racing,Simulation","https://x.com/Hi_Bennie","https://ik.imagekit.io/cbzkrwprl/grokade-screenshots/Cybertrucksim_20250310_202404.png","https://ik.imagekit.io/cbzkrwprl/grokade-screenshots/Cybertrucksim_20250310_203337.png",,,false,"PRODUCTION"
"bbdb0453-4d4d-45ed-ba49-e132cae453f1","Duke Nukem 3D 2025","It's time to kick ass and chew bubble gum.","https://ik.imagekit.io/cbzkrwprl/grokade-screenshots/Duke_Nukem_3D_2025_20250310_202519.png","https://duke.jobboardsearch.com/","a6c246ae-f84b-4c43-87b4-05db6b55afc3",2025-03-16T22:22:34.786Z,2025-03-22T03:20:07.641Z,"Adventure","https://x.com/rrmdp","https://ik.imagekit.io/cbzkrwprl/grokade-screenshots/Duke_Nukem_3D_2025_20250310_202519.png","https://ik.imagekit.io/cbzkrwprl/grokade-screenshots/Duke_Nukem_3D_2025_20250316_155622.png","https://ik.imagekit.io/cbzkrwprl/grokade-screenshots/Duke_Nukem_3D_2025_20250316_155839.png","https://ik.imagekit.io/cbzkrwprl/grokade-screenshots/Duke_Nukem_3D_2025_20250316_155557.png",false,"BETA"
"bf456723-0c50-448d-9732-623f581da6a0","Dome Farm","Chill farming game on Mars. Build your own farm and grow your zen.","https://ik.imagekit.io/cbzkrwprl/grokade-screenshots/Dome_Farm_20250310_202303.png","https://dome.jelmerdeboer.nl/","a6c246ae-f84b-4c43-87b4-05db6b55afc3",2025-03-16T22:46:57.149Z,2025-03-22T03:46:13.343Z,"Strategy","https://x.com/jelmerdeboer","https://ik.imagekit.io/cbzkrwprl/grokade-screenshots/Dome_Farm_20250310_202303.png","https://ik.imagekit.io/cbzkrwprl/grokade-screenshots/Dome_Farm_20250316_154637.png","https://ik.imagekit.io/cbzkrwprl/grokade-screenshots/Dome_Farm_20250316_160221.png","https://ik.imagekit.io/cbzkrwprl/grokade-screenshots/Dome_Farm_20250310_202608.png",false,"PRODUCTION"
"90dd0c2f-f8cf-47ff-81a5-9613739b59b3","Astro Breaker","High-energy First Person Shooter that blends explosive arcade action with precision physics-based gameplay.","https://ik.imagekit.io/cbzkrwprl/grokade-screenshots/Astro_Breaker_20250310_203302.png","https://hytopia.com/games/astro-breaker/","a6c246ae-f84b-4c43-87b4-05db6b55afc3",2025-03-16T22:22:34.786Z,2025-03-22T03:20:08.410Z,"Action,Shooter,Arcade","https://x.com/NeuralPixelAI","https://ik.imagekit.io/cbzkrwprl/grokade-screenshots/Astro_Breaker_20250310_203302.png","https://ik.imagekit.io/cbzkrwprl/grokade-screenshots/Astro_Breaker_20250310_202347.png","https://ik.imagekit.io/cbzkrwprl/grokade-screenshots/Astro_Breaker_20250316_155836.png",,false,"PRODUCTION"
"f7a0e68c-d889-4436-be6a-9f592244ecf0","Builder","Calm, Minecraft like builder game","https://ik.imagekit.io/cbzkrwprl/grokade-screenshots/Builder_20250316_155701.png","https://www.regame.io","a6c246ae-f84b-4c43-87b4-05db6b55afc3",2025-03-16T22:22:34.786Z,2025-03-22T03:20:07.971Z,"Strategy,Survival","https://x.com/sarperdag","https://ik.imagekit.io/cbzkrwprl/grokade-screenshots/Builder_20250316_155701.png","https://ik.imagekit.io/cbzkrwprl/grokade-screenshots/Builder_20250310_203325.png","https://ik.imagekit.io/cbzkrwprl/grokade-screenshots/Builder_20250316_155613.png","https://ik.imagekit.io/cbzkrwprl/grokade-screenshots/Builder_20250310_202423.png",false,"PRODUCTION"
"b7c322be-7029-435d-baf3-631200ce6ddb","Word God","From Void to Universe. Eginning with primordial concepts, evolve a unique glorious universe through your ability to combine words. Watch your creation grow and ...","https://ik.imagekit.io/cbzkrwprl/grokade-screenshots/Word_God_20250310_202427.png","https://www.experimentswithai.com/word-god-mindfulness-game.html","a6c246ae-f84b-4c43-87b4-05db6b55afc3",2025-03-16T22:22:34.786Z,2025-03-22T03:20:08.183Z,"Puzzle,Adventure","https://x.com/edwinhayward","https://ik.imagekit.io/cbzkrwprl/grokade-screenshots/Word_God_20250310_202427.png","https://ik.imagekit.io/cbzkrwprl/grokade-screenshots/Word_God_20250310_203223.png",,,false,"PRODUCTION"
"5ab0ce77-3c98-4659-a98f-357d042047d9","Star Wing","Star Wing is a 3D spaceship shooter built with Three.js for web browsers. The player controls a lone starfighter pilot in a game that blends classic arcade shoo...","https://ik.imagekit.io/cbzkrwprl/grokade-screenshots/Star_Wing_20250316_155832.png","https://star-wing-drosshole.vercel.app","a6c246ae-f84b-4c43-87b4-05db6b55afc3",2025-03-16T22:22:34.786Z,2025-03-22T03:20:08.578Z,"Action,Arcade,Fighting","https://x.com/drosshole",,,,,false,"PRODUCTION"
"04699df4-76cd-4f84-900a-dd65d5ae7052","Pork Droid","Retro like asteroids game with a modern twist","https://ik.imagekit.io/cbzkrwprl/grokade-screenshots/Pork_Droid_20250310_202451.png","https://PorkDroid.com","a6c246ae-f84b-4c43-87b4-05db6b55afc3",2025-03-16T22:22:34.786Z,2025-03-22T03:20:08.744Z,"Arcade,Action,Shooter","https://x.com/reignboat","https://ik.imagekit.io/cbzkrwprl/grokade-screenshots/Pork_Droid_20250310_202451.png","https://ik.imagekit.io/cbzkrwprl/grokade-screenshots/Pork_Droid_20250316_155808.png","https://ik.imagekit.io/cbzkrwprl/grokade-screenshots/Pork_Droid_20250310_203218.png",,false,"PRODUCTION"
"7fa78729-6336-441f-8ed6-9c827de2bfe3","Asteroid Assault","Asteroid shooter arcade game","https://ik.imagekit.io/cbzkrwprl/grokade-screenshots/Asteroid_Assault_20250310_202503.png","https://asteroid-ep9.pages.dev/","a6c246ae-f84b-4c43-87b4-05db6b55afc3",2025-03-16T22:22:34.786Z,2025-03-22T03:20:08.906Z,"Arcade,Shooter,Action","https://x.com/NoFlinch","https://ik.imagekit.io/cbzkrwprl/grokade-screenshots/Asteroid_Assault_20250310_202503.png","https://ik.imagekit.io/cbzkrwprl/grokade-screenshots/Asteroid_Assault_20250310_203359.png","https://ik.imagekit.io/cbzkrwprl/grokade-screenshots/Asteroid_Assault_20250316_155553.png","https://ik.imagekit.io/cbzkrwprl/grokade-screenshots/Asteroid_Assault_20250316_155633.png",false,"PRODUCTION"
"13a9b6f6-0b5b-416b-ab9e-3e143dd6bfce","Land the Booster V3","Land the booster on mars - powerful rocket, fire thrusters, and nail the perfect landing. Can you master the challenge?","https://ik.imagekit.io/cbzkrwprl/f_tvuqZy_nmrqdn.jpg","https://land-the-booster.s13k.dev/mars/","a6c246ae-f84b-4c43-87b4-05db6b55afc3",2025-03-16T22:46:57.149Z,2025-03-22T03:20:09.067Z,"Exploration,Puzzle,Shooter","https://x.com/s13k_","https://ik.imagekit.io/cbzkrwprl/grokade-screenshots/Land_the_Booster_V2_20250316_155915.png","https://ik.imagekit.io/cbzkrwprl/grokade-screenshots/Land_the_Booster_V2_20250310_203307.png","https://ik.imagekit.io/cbzkrwprl/grokade-screenshots/Land_the_Booster_V2_20250310_202435.png","https://ik.imagekit.io/cbzkrwprl/grokade-screenshots/Land_the_Booster_V2_20250316_155859.png",false,"PRODUCTION"
"b98ca5e9-7424-4208-8f0a-dbac8c6ca808","ClaudeSpace","Survive the cosmos in ClaudeSpace: dodge asteroids, blast enemies, and master your ship's weapons in this high-speed space shooter.","https://ik.imagekit.io/cbzkrwprl/grokade-screenshots/ClaudeSpace_20250316_155834.png","https://ladegeraet.github.io/claudespace/","a6c246ae-f84b-4c43-87b4-05db6b55afc3",2025-03-16T22:22:34.786Z,2025-03-22T03:20:09.260Z,"Shooter,Action,Racing","https://x.com/Oho_name","https://ik.imagekit.io/cbzkrwprl/grokade-screenshots/ClaudeSpace_20250316_155834.png","https://ik.imagekit.io/cbzkrwprl/grokade-screenshots/ClaudeSpace_20250310_202539.png","https://ik.imagekit.io/cbzkrwprl/grokade-screenshots/ClaudeSpace_20250316_155529.png","https://ik.imagekit.io/cbzkrwprl/grokade-screenshots/ClaudeSpace_20250316_155850.png",false,"PRODUCTION"
"23f70fdf-049c-4b86-b946-d66ef18d38b4","Super Jumper","Jump , Take Boost, Play and get to Finish Line","https://ik.imagekit.io/cbzkrwprl/grokade-screenshots/Super_Jumper_20250316_155835.png","https://super-jumper-game.web.app/","a6c246ae-f84b-4c43-87b4-05db6b55afc3",2025-03-16T22:22:34.786Z,2025-03-22T03:20:09.461Z,"Platform","https://x.com/nishant_ty","https://ik.imagekit.io/cbzkrwprl/grokade-screenshots/Super_Jumper_20250316_155835.png","https://ik.imagekit.io/cbzkrwprl/grokade-screenshots/Super_Jumper_20250310_202403.png","https://ik.imagekit.io/cbzkrwprl/grokade-screenshots/Super_Jumper_20250316_155506.png","https://ik.imagekit.io/cbzkrwprl/grokade-screenshots/Super_Jumper_20250310_203206.png",false,"PRODUCTION"
"db27129f-f6b4-409d-8d3a-20a590c816f3","Formula Simulator Racing","Experience the thrill of high-speed racing in this immersive 3D Formula racing simulator! Race through a dynamic open world filled with challenging obstacles, c...","https://ik.imagekit.io/cbzkrwprl/grokade-screenshots/Formula_Simulator_Racing_20250316_160004.png","https://racing-car-game.onrender.com/","a6c246ae-f84b-4c43-87b4-05db6b55afc3",2025-03-16T22:22:34.786Z,2025-03-22T03:20:09.623Z,"Simulation,Sports,Arcade","https://x.com/emreozdiyar","https://ik.imagekit.io/cbzkrwprl/grokade-screenshots/Formula_Simulator_Racing_20250316_160004.png","https://ik.imagekit.io/cbzkrwprl/grokade-screenshots/Formula_Simulator_Racing_20250310_202524.png","https://ik.imagekit.io/cbzkrwprl/grokade-screenshots/Formula_Simulator_Racing_20250316_155658.png","https://ik.imagekit.io/cbzkrwprl/grokade-screenshots/Formula_Simulator_Racing_20250310_203255.png",false,"PRODUCTION"
"b25564d4-e26d-4933-baa4-60d04b385a6a","Pong Arcade","Challenge the AI or play against a friend in this modern recreation of Pong.","https://ik.imagekit.io/cbzkrwprl/grokade-screenshots/Pong_Arcade_20250316_155549.png","https://www.pongarcade.com/","a6c246ae-f84b-4c43-87b4-05db6b55afc3",2025-03-16T22:22:34.786Z,2025-03-22T03:20:09.781Z,"Arcade,Puzzle,Racing","https://x.com/mischeiwiller","https://ik.imagekit.io/cbzkrwprl/grokade-screenshots/Pong_Arcade_20250316_155549.png","https://ik.imagekit.io/cbzkrwprl/grokade-screenshots/Pong_Arcade_20250310_203346.png","https://ik.imagekit.io/cbzkrwprl/grokade-screenshots/Pong_Arcade_20250316_155644.png","https://ik.imagekit.io/cbzkrwprl/grokade-screenshots/Pong_Arcade_20250316_160000.png",false,"PRODUCTION"
"55887d6d-ef93-44fc-9e0a-afb5cbd83df0","Dyson Defender","Defend the Dyson sphere from waves of alien invaders!","https://ik.imagekit.io/cbzkrwprl/grokade-screenshots/Dyson_Defender_20250310_203358.png","https://dyson-defender.vercel.app/","a6c246ae-f84b-4c43-87b4-05db6b55afc3",2025-03-16T22:22:34.786Z,2025-03-22T03:20:09.945Z,"Arcade","https://x.com/hankofalltrades","https://ik.imagekit.io/cbzkrwprl/grokade-screenshots/Dyson_Defender_20250310_203358.png","https://ik.imagekit.io/cbzkrwprl/grokade-screenshots/Dyson_Defender_20250316_160112.png","https://ik.imagekit.io/cbzkrwprl/grokade-screenshots/Dyson_Defender_20250310_202411.png",,false,"PRODUCTION"
"73875939-a972-4927-b0c6-ae68249bfdb9","AI Bomber Game","Inspired by bomberman, with 3D touches and twists","https://ik.imagekit.io/cbzkrwprl/grokade-screenshots/AI_Bomber_Game_20250310_203216.png","https://bomberman-bice.vercel.app/","a6c246ae-f84b-4c43-87b4-05db6b55afc3",2025-03-16T22:22:34.786Z,2025-03-22T03:20:10.118Z,"Racing","https://x.com/tuantruong","https://ik.imagekit.io/cbzkrwprl/grokade-screenshots/AI_Bomber_Game_20250310_203216.png","https://ik.imagekit.io/cbzkrwprl/grokade-screenshots/AI_Bomber_Game_20250316_155554.png","https://ik.imagekit.io/cbzkrwprl/grokade-screenshots/AI_Bomber_Game_20250310_202536.png",,false,"PRODUCTION"
"4aaa007f-ff17-452a-8917-4dd47a8102b4","Wing Man","Fly a hang-glider","https://ik.imagekit.io/cbzkrwprl/grokade-screenshots/Wing_Man_20250316_155617.png","https://hugohamelcom.github.io/wing-man-game/","a6c246ae-f84b-4c43-87b4-05db6b55afc3",2025-03-16T22:22:34.786Z,2025-03-22T03:20:10.297Z,"Adventure,Racing,Shooter","https://x.com/hugohamelcom","https://ik.imagekit.io/cbzkrwprl/grokade-screenshots/Wing_Man_20250316_155617.png","https://ik.imagekit.io/cbzkrwprl/grokade-screenshots/Wing_Man_20250310_202418.png","https://ik.imagekit.io/cbzkrwprl/grokade-screenshots/Wing_Man_20250310_203200.png",,false,"PRODUCTION"
"59b2393e-ebab-4d7e-b9c3-b2aaa0bd8513","Matrix Cube","Matrix Cube Memory is a challenging 3D memory game inspired by the digital world of The Matrix. Test your memory skills by remembering and repeating increasingl...","https://ik.imagekit.io/cbzkrwprl/grokade-screenshots/Matrix_Cube_20250316_160114.png","https://matrixcube.netlify.app/","a6c246ae-f84b-4c43-87b4-05db6b55afc3",2025-03-16T22:22:34.786Z,2025-03-22T03:20:10.498Z,"Educational","https://x.com/Akkorothone",,,,,true,"PRODUCTION"
"d5114658-91f6-4b1f-834d-be49235e419c","Space Force: Drain The Swamp","Take to the stars as Donald Trump or Elon Musk in Space Force: Drain The Swamp, a thrilling Galaxian-inspired space shooter where patriotism meets intergalactic...",,"https://hcbgreatwall.itch.io/space-force-drain-the-swamp","a6c246ae-f84b-4c43-87b4-05db6b55afc3",2025-03-16T22:22:34.786Z,2025-03-16T22:22:34.786Z,"Action,Shooter,Arcade","https://x.com/HCBGreatWall",,,,,false,"PRODUCTION"
"533711da-7205-4171-b1b3-76f725ce4da2","Rock Water Skipping","A fun free-to-play Rock skipping primitive arcade game with real physics 100% made with AI, without any loading screen or game updates, ""Just works"".",,"https://rock-water-skipping.vercel.app/","a6c246ae-f84b-4c43-87b4-05db6b55afc3",2025-03-16T22:22:34.786Z,2025-03-16T22:22:34.786Z,"Arcade,Simulation","https://x.com/Stianwalgermo",,,,,false,"PRODUCTION"
"31c831b2-5562-4968-ba09-1a5459bb1b92","Bubble Basher","Fast paced, pick up and play, multiplayer bubble bashing","https://ik.imagekit.io/cbzkrwprl/grokade-screenshots/Bubble_Basher_20250316_155942.png","https://bubblebasher.com","a6c246ae-f84b-4c43-87b4-05db6b55afc3",2025-03-16T22:22:34.786Z,2025-03-22T03:20:10.665Z,"Racing","https://x.com/JonathanACaruso","https://ik.imagekit.io/cbzkrwprl/grokade-screenshots/Bubble_Basher_20250316_155942.png","https://ik.imagekit.io/cbzkrwprl/grokade-screenshots/Bubble_Basher_20250316_155851.png","https://ik.imagekit.io/cbzkrwprl/grokade-screenshots/Bubble_Basher_20250316_155914.png","https://ik.imagekit.io/cbzkrwprl/grokade-screenshots/Bubble_Basher_20250316_155657.png",false,"PRODUCTION"
"2c91becf-3c2b-4692-a762-66caeec53d1e","Dune Wanderer","Wander the dessert in search of wells","https://ik.imagekit.io/cbzkrwprl/grokade-screenshots/Dune_Wanderer_20250310_203252.png","https://dunewanderer.com/","a6c246ae-f84b-4c43-87b4-05db6b55afc3",2025-03-16T22:22:34.786Z,2025-03-22T03:20:10.831Z,"Platform","https://x.com/balt1794","https://ik.imagekit.io/cbzkrwprl/grokade-screenshots/Dune_Wanderer_20250310_203252.png","https://ik.imagekit.io/cbzkrwprl/grokade-screenshots/Dune_Wanderer_20250310_202351.png",,,false,"PRODUCTION"
"341b131e-4d79-4f7b-82da-bf8174bcceaf","Artillery Defense","Defend your base by shooting down enemy paratroopers","https://ik.imagekit.io/cbzkrwprl/grokade-screenshots/Artillery_Defense_20250316_155849.png","https://www.craygen.com/artillery/","a6c246ae-f84b-4c43-87b4-05db6b55afc3",2025-03-16T22:22:34.786Z,2025-03-22T03:20:10.991Z,"Action,Shooter","https://x.com/craygen9","https://ik.imagekit.io/cbzkrwprl/grokade-screenshots/Artillery_Defense_20250316_155849.png","https://ik.imagekit.io/cbzkrwprl/grokade-screenshots/Artillery_Defense_20250316_155848.png","https://ik.imagekit.io/cbzkrwprl/grokade-screenshots/Artillery_Defense_20250310_203253.png","https://ik.imagekit.io/cbzkrwprl/grokade-screenshots/Artillery_Defense_20250310_202449.png",false,"PRODUCTION"
"4a8a627b-d49e-478c-9a93-d08d4100837a","TideFall","Build alliances, claim vast lands, and hunt for loot in dangerous realms.","https://ik.imagekit.io/cbzkrwprl/grokade-screenshots/TideFall_20250310_202414.png","https://tidefall.io","a6c246ae-f84b-4c43-87b4-05db6b55afc3",2025-03-16T22:22:34.786Z,2025-03-22T03:20:11.178Z,"Exploration,Shooter,Strategy","https://x.com/dyoburon","https://ik.imagekit.io/cbzkrwprl/grokade-screenshots/TideFall_20250310_202414.png","https://ik.imagekit.io/cbzkrwprl/grokade-screenshots/TideFall_20250310_203243.png","https://ik.imagekit.io/cbzkrwprl/grokade-screenshots/TideFall_20250316_160109.png",,false,"PRODUCTION"
"2bc0e5cc-9d7e-438c-b1b3-c963b3c84aec","Space Cruise","3D Space Travel Web Game","https://ik.imagekit.io/cbzkrwprl/grokade-screenshots/Space_Cruise_20250316_155616.png","https://space-cruise.tech","a6c246ae-f84b-4c43-87b4-05db6b55afc3",2025-03-16T22:22:34.786Z,2025-03-22T03:20:11.363Z,"Action","https://x.com/Aditya_T007","https://ik.imagekit.io/cbzkrwprl/grokade-screenshots/Space_Cruise_20250316_155616.png","https://ik.imagekit.io/cbzkrwprl/grokade-screenshots/Space_Cruise_20250310_203319.png","https://ik.imagekit.io/cbzkrwprl/grokade-screenshots/Space_Cruise_20250316_155703.png","https://ik.imagekit.io/cbzkrwprl/grokade-screenshots/Space_Cruise_20250316_155936.png",false,"PRODUCTION"
"7854fc02-d82c-4044-a52b-dd01380bfd7d","Rocklight","Rogue-like shooter","https://ik.imagekit.io/cbzkrwprl/grokade-screenshots/Rocklight_20250316_155838.png","http://zumashtm.manus.space","a6c246ae-f84b-4c43-87b4-05db6b55afc3",2025-03-16T22:22:34.786Z,2025-03-22T03:20:11.546Z,"Platform,Shooter,Action","https://x.com/skifull579","https://ik.imagekit.io/cbzkrwprl/grokade-screenshots/Rocklight_20250316_155838.png","https://ik.imagekit.io/cbzkrwprl/grokade-screenshots/Rocklight_20250316_155912.png",,,true,"PRODUCTION"
"e5e98736-5eed-4bf3-82d5-fbc29eaaf4b2","VybeRace","VybeRace is a fun, simple racing game with textured roads and scenic trees. Drift off-road to leave tire marks and feel the realistic slowdown—aim to be the f...","https://ik.imagekit.io/cbzkrwprl/grokade-screenshots/VybeRace_20250316_160228.png","https://vaigames.com/vyberace/","a6c246ae-f84b-4c43-87b4-05db6b55afc3",2025-03-16T22:46:57.149Z,2025-03-22T03:35:09.486Z,"Racing,Simulation,Arcade","https://x.com/AlbertSimonDev","https://ik.imagekit.io/cbzkrwprl/grokade-screenshots/VybeRace_20250316_160228.png","https://ik.imagekit.io/cbzkrwprl/grokade-screenshots/VybeRace_20250316_155641.png","https://ik.imagekit.io/cbzkrwprl/grokade-screenshots/VybeRace_20250316_155939.png","https://ik.imagekit.io/cbzkrwprl/grokade-screenshots/VybeRace_20250316_155812.png",false,"PRODUCTION"
"95b4658f-3578-4409-be47-6ec79ff6204f","Fruit of the Boom","Collect as many fruit as you can.",,"https://isaacdozier.github.io/fruit-of-the-boom/","a6c246ae-f84b-4c43-87b4-05db6b55afc3",2025-03-16T22:22:34.786Z,2025-03-16T22:22:34.786Z,"Arcade,Sports","https://x.com/isaactdozier",,,,,false,"PRODUCTION"
"59aee7d1-1d45-4386-a3e4-c164cc4de46d","Drone Simulator","Fly different environments with a drone, explore and complete missions","https://ik.imagekit.io/cbzkrwprl/grokade-screenshots/Drone_Simulator_20250316_155729.png","https://www.iamvg.space/drone-simulator/","a6c246ae-f84b-4c43-87b4-05db6b55afc3",2025-03-16T22:22:34.786Z,2025-03-22T03:20:11.865Z,"Simulation,Exploration,Racing","https://x.com/ged_ven","https://ik.imagekit.io/cbzkrwprl/grokade-screenshots/Drone_Simulator_20250316_155729.png","https://ik.imagekit.io/cbzkrwprl/grokade-screenshots/Drone_Simulator_20250316_160022.png","https://ik.imagekit.io/cbzkrwprl/grokade-screenshots/Drone_Simulator_20250316_155631.png","https://ik.imagekit.io/cbzkrwprl/grokade-screenshots/Drone_Simulator_20250316_155630.png",false,"PRODUCTION"
"77261e65-6403-44cf-9f3f-2cc9f3d95f13","3D Tetris","A 3D version of the classic Tetris game where you clear entire platforms","https://ik.imagekit.io/cbzkrwprl/grokade-screenshots/3D_Tetris_20250316_155802.png","https://3d-tetris-platforms.lovable.app/","a6c246ae-f84b-4c43-87b4-05db6b55afc3",2025-03-16T22:22:34.786Z,2025-03-22T03:20:12.025Z,"Platform,Arcade","https://x.com/RealFredericVC","https://ik.imagekit.io/cbzkrwprl/grokade-screenshots/3D_Tetris_20250316_155802.png","https://ik.imagekit.io/cbzkrwprl/grokade-screenshots/3D_Tetris_20250316_155803.png","https://ik.imagekit.io/cbzkrwprl/grokade-screenshots/3D_Tetris_20250316_160106.png","https://ik.imagekit.io/cbzkrwprl/grokade-screenshots/3D_Tetris_20250310_203202.png",false,"PRODUCTION"
"8b7021c3-73e4-46d9-b84f-b6291be61d3a","Society Fail","Can you survive the apocalypse? Society Fail is a post-apocalyptic incremental game where you must scavenge for resources, fight off mutants, and navigate a wor...","https://ik.imagekit.io/cbzkrwprl/grokade-screenshots/Society_Fail_20250310_202541.png","https://society.fail/","a6c246ae-f84b-4c43-87b4-05db6b55afc3",2025-03-16T22:22:34.786Z,2025-03-22T03:20:12.210Z,"Survival,Exploration,Strategy","https://x.com/Shpigford","https://ik.imagekit.io/cbzkrwprl/grokade-screenshots/Society_Fail_20250310_202541.png","https://ik.imagekit.io/cbzkrwprl/grokade-screenshots/Society_Fail_20250310_203214.png","https://ik.imagekit.io/cbzkrwprl/grokade-screenshots/Society_Fail_20250316_160020.png",,false,"PRODUCTION"
"084cfb0c-2623-48cf-b8d6-2d6d6c0baec1","Flappi Bird","A ThreeJS based Flappi Bird game built completely using Grok3, Claude 3.5, and Cursor.  Along with other AI tools for models, music, graphics, etc","https://ik.imagekit.io/cbzkrwprl/grokade-screenshots/Flappi_Bird_20250310_203328.png","https://flappi-bird.vercel.app/","a6c246ae-f84b-4c43-87b4-05db6b55afc3",2025-03-16T22:22:34.786Z,2025-03-22T03:20:12.417Z,"Arcade,Sports","https://x.com/joshuajohnsonAI","https://ik.imagekit.io/cbzkrwprl/grokade-screenshots/Flappi_Bird_20250310_203328.png","https://ik.imagekit.io/cbzkrwprl/grokade-screenshots/Flappi_Bird_20250310_202534.png",,,false,"PRODUCTION"
"ba0fa9e9-9eba-403c-be52-2a136ecf3b7a","Suika Game","Fuit-merging game akin to tetris or puyo-puyo. built with cursor/claude","https://ik.imagekit.io/cbzkrwprl/grokade-screenshots/Suika_Game_20250316_155639.png","https://suika.live/","a6c246ae-f84b-4c43-87b4-05db6b55afc3",2025-03-16T22:22:34.786Z,2025-03-22T03:20:12.576Z,"Puzzle","https://x.com/andrwhcom","https://ik.imagekit.io/cbzkrwprl/grokade-screenshots/Suika_Game_20250316_155639.png","https://ik.imagekit.io/cbzkrwprl/grokade-screenshots/Suika_Game_20250310_203227.png","https://ik.imagekit.io/cbzkrwprl/grokade-screenshots/Suika_Game_20250310_202408.png",,false,"PRODUCTION"
"22845991-0fb6-4bdf-9725-0525b565699c","Snake Trae","Play classic snake","https://ik.imagekit.io/cbzkrwprl/grokade-screenshots/Snake_Trae_20250316_160017.png","https://trae.com/","a6c246ae-f84b-4c43-87b4-05db6b55afc3",2025-03-16T22:22:34.786Z,2025-03-22T03:20:12.736Z,"Arcade","https://x.com/traemikal","https://ik.imagekit.io/cbzkrwprl/grokade-screenshots/Snake_Trae_20250316_160017.png","https://ik.imagekit.io/cbzkrwprl/grokade-screenshots/Snake_Trae_20250316_160016.png","https://ik.imagekit.io/cbzkrwprl/grokade-screenshots/Snake_Trae_20250310_203401.png","https://ik.imagekit.io/cbzkrwprl/grokade-screenshots/Snake_Trae_20250310_202321.png",false,"PRODUCTION"
"dfba9261-3270-4ba2-9110-5103eb8c03c9","Breaking Balls","Break balls and feel calm","https://ik.imagekit.io/cbzkrwprl/grokade-screenshots/Breaking_Balls_20250310_202532.png","https://makereal.tldraw.link/-wMNzXuU7igniDJ6oyhKW","a6c246ae-f84b-4c43-87b4-05db6b55afc3",2025-03-16T22:22:34.786Z,2025-03-22T03:20:12.897Z,"Sports","https://x.com/adityakabra","https://ik.imagekit.io/cbzkrwprl/grokade-screenshots/Breaking_Balls_20250310_202532.png","https://ik.imagekit.io/cbzkrwprl/grokade-screenshots/Breaking_Balls_20250316_155829.png","https://ik.imagekit.io/cbzkrwprl/grokade-screenshots/Breaking_Balls_20250310_203409.png","https://ik.imagekit.io/cbzkrwprl/grokade-screenshots/Breaking_Balls_20250316_155704.png",false,"PRODUCTION"
"07b92061-6f7f-4355-8be5-7e215deba937","Elemental Combatant","Elemental CombaTanks is a battlefield brawler where you command a tank powered by the elements—fire, water, earth, and air. And more Mode are added.","https://ik.imagekit.io/cbzkrwprl/grokade-screenshots/Elemental_Combatant_20250316_155933.png","https://asalt.vercel.app","a6c246ae-f84b-4c43-87b4-05db6b55afc3",2025-03-16T22:22:34.786Z,2025-03-22T03:20:13.057Z,"Action,Fighting,Shooter","https://x.com/IsaacXVoxel","https://ik.imagekit.io/cbzkrwprl/grokade-screenshots/Elemental_Combatant_20250316_155933.png","https://ik.imagekit.io/cbzkrwprl/grokade-screenshots/Elemental_Combatant_20250310_203235.png","https://ik.imagekit.io/cbzkrwprl/grokade-screenshots/Elemental_Combatant_20250310_202452.png","https://ik.imagekit.io/cbzkrwprl/grokade-screenshots/Elemental_Combatant_20250316_155635.png",true,"PRODUCTION"
"25754fe0-22d6-4e01-b552-add4be72ae48","Tic-Tac Cricket","Unique and fun online game that combines Tic-Tac-Toe with the excitement of cricket!",,"https://tictaccricket.netlify.app/","a6c246ae-f84b-4c43-87b4-05db6b55afc3",2025-03-16T22:22:34.786Z,2025-03-16T22:22:34.786Z,"Sports,Arcade,Fighting","https://x.com/byteonwire",,,,,false,"PRODUCTION"
"8cfc30a0-f692-4e4e-bdca-ad4c2c372cd1","Necropolis: Rise of the Undead","High paced and exciting vibe coded zombie first person shooter game",,"https://shanelarson.com/games/necropolis","a6c246ae-f84b-4c43-87b4-05db6b55afc3",2025-03-16T22:22:34.786Z,2025-03-16T22:22:34.786Z,"Shooter,Action,Arcade","https://x.com/PeakGrizzly",,,,,false,"PRODUCTION"
"bcbbaf7b-bd8e-413d-b42b-e483d4dec771","Escape","A text-based escape room game","https://ik.imagekit.io/cbzkrwprl/grokade-screenshots/Escape_Prison_Cell_20250310_202308.png","https://escape.puzzlesunlocked.com/","a6c246ae-f84b-4c43-87b4-05db6b55afc3",2025-03-16T22:22:34.786Z,2025-03-22T03:20:13.243Z,"Puzzle","https://x.com/jamesckemp","https://ik.imagekit.io/cbzkrwprl/grokade-screenshots/Escape_Prison_Cell_20250310_202308.png","https://ik.imagekit.io/cbzkrwprl/grokade-screenshots/Escape_20250316_155856.png","https://ik.imagekit.io/cbzkrwprl/grokade-screenshots/Escape_Prison_Cell_20250316_154642.png","https://ik.imagekit.io/cbzkrwprl/grokade-screenshots/Escape_Prison_Cell_20250316_160225.png",false,"PRODUCTION"
"ed450b52-5caa-492f-8790-d3c6b4f77fff","Ophidian","A short game that is basically Snake.","https://ik.imagekit.io/cbzkrwprl/grokade-screenshots/Ophidian_20250310_202429.png","https://ophidian-offekt.vercel.app/","a6c246ae-f84b-4c43-87b4-05db6b55afc3",2025-03-16T22:22:34.786Z,2025-03-22T03:20:13.484Z,"Strategy","https://x.com/drewvergara","https://ik.imagekit.io/cbzkrwprl/grokade-screenshots/Ophidian_20250310_202429.png","https://ik.imagekit.io/cbzkrwprl/grokade-screenshots/Ophidian_20250310_203259.png",,,false,"PRODUCTION"
"8ad6e622-f36f-42e3-aac7-92aa7d3a8288","Tanks AI","Experience the thrill of tank battles in this exciting game!","https://ik.imagekit.io/cbzkrwprl/grokade-screenshots/Tanks_AI_20250316_155956.png","https://tanksai.com/","a6c246ae-f84b-4c43-87b4-05db6b55afc3",2025-03-16T22:22:34.786Z,2025-03-22T03:20:13.814Z,"Action,Fighting","https://x.com/d4m1n","https://ik.imagekit.io/cbzkrwprl/grokade-screenshots/Tanks_AI_20250316_155956.png","https://ik.imagekit.io/cbzkrwprl/grokade-screenshots/Tanks_AI_20250310_203344.png","https://ik.imagekit.io/cbzkrwprl/grokade-screenshots/Tanks_AI_20250310_202322.png",,false,"PRODUCTION"
"788597c7-0923-4688-a425-6e694b0007d2","Mars Landing Simulator","Prepare for the ultimate Mars landing experience!","https://ik.imagekit.io/cbzkrwprl/grokade-screenshots/Mars_Landing_Simulator_20250310_202521.png","https://marslanding.vercel.app/","a6c246ae-f84b-4c43-87b4-05db6b55afc3",2025-03-16T22:22:34.786Z,2025-03-22T03:20:13.978Z,"Exploration,Simulation,Racing","https://x.com/hi_itsbey","https://ik.imagekit.io/cbzkrwprl/grokade-screenshots/Mars_Landing_Simulator_20250310_202521.png","https://ik.imagekit.io/cbzkrwprl/grokade-screenshots/Mars_Landing_Simulator_20250316_155831.png","https://ik.imagekit.io/cbzkrwprl/grokade-screenshots/Mars_Landing_Simulator_20250316_155941.png","https://ik.imagekit.io/cbzkrwprl/grokade-screenshots/Mars_Landing_Simulator_20250310_203240.png",false,"PRODUCTION"
"af707792-b791-4803-9d5d-dd83bf7fcc87","Archer wars","1 vs 1 archer war","https://ik.imagekit.io/cbzkrwprl/grokade-screenshots/Archer_wars_20250316_155720.png","https://www.archerwars.xyz/","a6c246ae-f84b-4c43-87b4-05db6b55afc3",2025-03-16T22:22:34.786Z,2025-03-22T03:20:14.157Z,"Shooter,Platform,Action","https://x.com/finvisual",,,,,false,"PRODUCTION"
"f67f4c00-47fa-4ee3-a7bd-8a1bacd6f95e","Push the Box","In this reimagined Sokoban game, you embark on a journey of logic and space. As you gently guide the character to push the boxes towards their destinations, you...","https://ik.imagekit.io/cbzkrwprl/grokade-screenshots/Push_the_Box_20250310_203156.png","https://boxgame2000.netlify.app/","a6c246ae-f84b-4c43-87b4-05db6b55afc3",2025-03-16T22:22:34.786Z,2025-03-22T03:20:14.525Z,"Platform,Adventure,Puzzle","https://x.com/xiaochi2","https://ik.imagekit.io/cbzkrwprl/grokade-screenshots/Push_the_Box_20250310_203156.png","https://ik.imagekit.io/cbzkrwprl/grokade-screenshots/Push_the_Box_20250316_155959.png","https://ik.imagekit.io/cbzkrwprl/grokade-screenshots/Push_the_Box_20250310_202331.png",,false,"PRODUCTION"
"e0173448-5bdb-410d-a47b-0174bf726c8b","Vibe Tanks","TRON style tank game. Play with your friends or against them in this fast paced game.","https://ik.imagekit.io/cbzkrwprl/grokade-screenshots/Vibe_Tanks_20250316_160217.png","https://vibes.darefail.com/","a6c246ae-f84b-4c43-87b4-05db6b55afc3",2025-03-16T22:46:57.149Z,2025-03-22T03:46:12.843Z,"Racing,Shooter","https://x.com/darefailed","https://ik.imagekit.io/cbzkrwprl/grokade-screenshots/Vibe_Tanks_20250316_160217.png","https://ik.imagekit.io/cbzkrwprl/grokade-screenshots/Vibe_Tanks_20250316_155530.png","https://ik.imagekit.io/cbzkrwprl/grokade-screenshots/Vibe_Tanks_20250316_154634.png","https://ik.imagekit.io/cbzkrwprl/grokade-screenshots/Vibe_Tanks_20250310_202605.png",false,"PRODUCTION"
"d5663aac-ae60-473b-b36d-d00b4504dcc2","Jet Ski Simulation","Bring in the holiday vibes with this game. Play with your friends or against them in this fast paced game.","https://ik.imagekit.io/cbzkrwprl/grokade-screenshots/Jet_Ski_Simulation_20250310_203311.png","https://jetski.cemilsevim.com/","a6c246ae-f84b-4c43-87b4-05db6b55afc3",2025-03-16T22:46:57.149Z,2025-03-22T03:20:14.686Z,"Simulation,Racing,Platform","https://x.com/cemilsvm","https://ik.imagekit.io/cbzkrwprl/grokade-screenshots/Jet_Ski_Simulation_20250310_203311.png","https://ik.imagekit.io/cbzkrwprl/grokade-screenshots/Jet_Ski_Simulation_20250310_202357.png","https://ik.imagekit.io/cbzkrwprl/grokade-screenshots/Jet_Ski_Simulation_20250316_155916.png","https://ik.imagekit.io/cbzkrwprl/grokade-screenshots/Jet_Ski_Simulation_20250316_155957.png",false,"PRODUCTION"
"c10111fb-d178-4643-b837-7ef19bef8f41","Forest Escape","Escape from spirits in a haunted forest before they catch you!","https://ik.imagekit.io/cbzkrwprl/grokade-screenshots/Forest_Escape_20250310_203148.png","https://www.escape.alexandre-grisey.fr/","a6c246ae-f84b-4c43-87b4-05db6b55afc3",2025-03-16T22:22:34.786Z,2025-03-22T03:20:14.848Z,"Action","https://x.com/nomalex_","https://ik.imagekit.io/cbzkrwprl/grokade-screenshots/Forest_Escape_20250310_203148.png","https://ik.imagekit.io/cbzkrwprl/grokade-screenshots/Forest_Escape_20250310_202359.png",,,false,"PRODUCTION"
"dca78d28-45b4-44ea-9bc7-80baf7008641","Space Defenders","One shot a Space Invaders game like built with Sonnet 3.7","https://ik.imagekit.io/cbzkrwprl/grokade-screenshots/Space_Defenders_20250316_155911.png","https://jasonleow.com/space-defenders/","a6c246ae-f84b-4c43-87b4-05db6b55afc3",2025-03-16T22:22:34.786Z,2025-03-22T03:20:15.009Z,"Arcade,Sports,Action","https://x.com/jasonleowsg","https://ik.imagekit.io/cbzkrwprl/grokade-screenshots/Space_Defenders_20250316_155911.png","https://ik.imagekit.io/cbzkrwprl/grokade-screenshots/Space_Defenders_20250310_202420.png","https://ik.imagekit.io/cbzkrwprl/grokade-screenshots/Space_Defenders_20250310_203352.png",,false,"PRODUCTION"
"16d4082f-5b2f-4528-bc21-c105e46abbdf","Ad simulator","Capture the flag on a world full of ads","https://ik.imagekit.io/cbzkrwprl/grokade-screenshots/Ad_simulator_20250310_203402.png","https://ad-simulator.com/","a6c246ae-f84b-4c43-87b4-05db6b55afc3",2025-03-16T22:22:34.786Z,2025-03-22T03:20:15.274Z,"Simulation,Sports,Action","https://x.com/iagolast","https://ik.imagekit.io/cbzkrwprl/grokade-screenshots/Ad_simulator_20250310_203402.png","https://ik.imagekit.io/cbzkrwprl/grokade-screenshots/Ad_simulator_20250310_202432.png","https://ik.imagekit.io/cbzkrwprl/grokade-screenshots/Ad_simulator_20250316_155719.png","https://ik.imagekit.io/cbzkrwprl/grokade-screenshots/Ad_simulator_20250316_155500.png",false,"PRODUCTION"
"9748c31e-640b-4263-b719-da3a8f08736e","Be a fish","Be a fish, eat other fish, become a bigger fish. Dive in and dominate the ocean!","https://ik.imagekit.io/cbzkrwprl/grokade-screenshots/Be_a_fish_20250310_203323.png","https://www.be-a-fish.com/","a6c246ae-f84b-4c43-87b4-05db6b55afc3",2025-03-16T22:22:34.786Z,2025-03-22T03:20:15.495Z,"Other","https://x.com/athcanft","https://ik.imagekit.io/cbzkrwprl/grokade-screenshots/Be_a_fish_20250310_203323.png","https://ik.imagekit.io/cbzkrwprl/grokade-screenshots/Be_a_fish_20250310_202455.png","https://ik.imagekit.io/cbzkrwprl/grokade-screenshots/Be_a_fish_20250316_155618.png","https://ik.imagekit.io/cbzkrwprl/grokade-screenshots/Be_a_fish_20250316_155527.png",false,"PRODUCTION"
"b4d24777-f913-46b7-983d-88490a68e2c0","Aetherialdream","A beautiful and intuitive dream journal that helps you record, explore, and understand your dreams.","https://ik.imagekit.io/cbzkrwprl/grokade-screenshots/Aetherialdream_20250310_202442.png","https://www.aetherialdream.com/","a6c246ae-f84b-4c43-87b4-05db6b55afc3",2025-03-16T22:22:34.786Z,2025-03-22T03:20:15.659Z,"Adventure,Platform,Exploration","https://x.com/Kaberikram","https://ik.imagekit.io/cbzkrwprl/grokade-screenshots/Aetherialdream_20250310_202442.png","https://ik.imagekit.io/cbzkrwprl/grokade-screenshots/Aetherialdream_20250310_203225.png",,,false,"PRODUCTION"
"8f9010c4-d77b-4887-9cc3-0c9b7010c569","Falling Bubbles","Pop falling bubbles in a vibrant, fast-paced test of reflexes!","https://ik.imagekit.io/cbzkrwprl/grokade-screenshots/Falling_Bubbles_20250310_203356.png","https://falling-bubbles.vercel.app/","a6c246ae-f84b-4c43-87b4-05db6b55afc3",2025-03-16T22:22:34.786Z,2025-03-22T03:20:15.823Z,"Shooter,Arcade,Sports","https://x.com/sagarsaija","https://ik.imagekit.io/cbzkrwprl/grokade-screenshots/Falling_Bubbles_20250310_203356.png","https://ik.imagekit.io/cbzkrwprl/grokade-screenshots/Falling_Bubbles_20250310_202329.png","https://ik.imagekit.io/cbzkrwprl/grokade-screenshots/Falling_Bubbles_20250316_155507.png","https://ik.imagekit.io/cbzkrwprl/grokade-screenshots/Falling_Bubbles_20250316_160024.png",false,"PRODUCTION"
"07d6775c-e242-4597-a44e-e22437a49459","Flappy Bird 3D","Flappy Bird reimagined as a 3D third person game","https://ik.imagekit.io/cbzkrwprl/grokade-screenshots/Flappy_Bird_3D_20250316_155954.png","https://flappybird.purav.co","a6c246ae-f84b-4c43-87b4-05db6b55afc3",2025-03-16T22:22:34.786Z,2025-03-22T03:20:16.000Z,"Platform","https://x.com/notpurav","https://ik.imagekit.io/cbzkrwprl/grokade-screenshots/Flappy_Bird_3D_20250316_155954.png","https://ik.imagekit.io/cbzkrwprl/grokade-screenshots/Flappy_Bird_3D_20250316_155955.png",,,false,"PRODUCTION"
"4bebe6a9-db56-453e-a85d-0400cb5a08f5","Slow Roads","Drive around the Scottish countryside in this beautifully made game. Human Made.","https://ik.imagekit.io/cbzkrwprl/grokade-screenshots/Slow_Roads_20250310_202558.png","https://slowroads.io/","a6c246ae-f84b-4c43-87b4-05db6b55afc3",2025-03-16T22:46:57.149Z,2025-03-22T03:46:14.663Z,"Racing","https://x.com/anslogen","https://ik.imagekit.io/cbzkrwprl/grokade-screenshots/Slow_Roads_20250310_202558.png","https://ik.imagekit.io/cbzkrwprl/grokade-screenshots/Slow_Roads_20250316_154624.png","https://ik.imagekit.io/cbzkrwprl/grokade-screenshots/Slow_Roads_20250316_160209.png","https://ik.imagekit.io/cbzkrwprl/grokade-screenshots/Slow_Roads_20250310_202252.png",false,"PRODUCTION"
"83afb8c5-9e23-4fa8-9168-83decbd7978d","Fly Hi","Realistic flight simulator with a focus on realism and physics. Fly Hi is a game that allows you to experience the thrill of flying in a realistic way.","https://ik.imagekit.io/cbzkrwprl/grokade-screenshots/Fly_Hi_20250310_202253.png","https://flyhi.netlify.app/","a6c246ae-f84b-4c43-87b4-05db6b55afc3",2025-03-16T22:46:57.149Z,2025-03-22T03:37:46.526Z,"Simulation","https://x.com/donvito","https://ik.imagekit.io/cbzkrwprl/grokade-screenshots/Fly_Hi_20250310_202253.png","https://ik.imagekit.io/cbzkrwprl/grokade-screenshots/Fly_Hi_20250316_160210.png","https://ik.imagekit.io/cbzkrwprl/grokade-screenshots/Fly_Hi_20250316_154625.png","https://ik.imagekit.io/cbzkrwprl/grokade-screenshots/Fly_Hi_20250310_202559.png",true,"PRODUCTION"
"9b149ef6-7d84-4edc-8283-8b5522ce3518","V1be city","Shoot enemies in a city in singleplayer mode","https://ik.imagekit.io/cbzkrwprl/grokade-screenshots/V1be_city_20250316_154545.jpg","https://vibescity.manta.so/","a6c246ae-f84b-4c43-87b4-05db6b55afc3",2025-03-16T22:46:57.149Z,2025-03-22T03:46:13.680Z,"Action,Shooter","https://x.com/gabriel__xyz","https://ik.imagekit.io/cbzkrwprl/grokade-screenshots/V1be_city_20250316_154545.jpg","https://ik.imagekit.io/cbzkrwprl/grokade-screenshots/V1be_city_20250310_200530.jpg","https://ik.imagekit.io/cbzkrwprl/grokade-screenshots/V1be_city_20250310_200907.jpg","https://ik.imagekit.io/cbzkrwprl/grokade-screenshots/V1be_city_20250310_201623.jpg",false,"PRODUCTION"
"d2bc2c08-c7b5-47b7-b45b-fa3b5b2e8f36","GTAi","A GTA-inspired game. Drive/walk around and explore the city in singleplayer mode","https://ik.imagekit.io/cbzkrwprl/grokade-screenshots/GTAi_20250310_202551.jpg","https://gtai.wherenomadsgo.com/","a6c246ae-f84b-4c43-87b4-05db6b55afc3",2025-03-16T22:46:57.149Z,2025-03-22T03:46:13.999Z,"Racing,Shooter,Action","https://x.com/fabianbuilds","https://ik.imagekit.io/cbzkrwprl/grokade-screenshots/GTAi_20250310_202551.jpg","https://ik.imagekit.io/cbzkrwprl/grokade-screenshots/GTAi_20250316_154544.jpg","https://ik.imagekit.io/cbzkrwprl/grokade-screenshots/GTAi_20250316_160129.jpg","https://ik.imagekit.io/cbzkrwprl/grokade-screenshots/GTAi_20250310_201622.jpg",false,"PRODUCTION"
"18b64c24-3028-4d04-98e5-c4382f0c8cd0","Summer Afternoon","Beautiful chill exploration game with Ghibli nostalgia. Procedurally generated environment with chill music. Human made.","https://ik.imagekit.io/cbzkrwprl/grokade-screenshots/Summer_Afternoon_20250310_202557.png","https://summer-afternoon.vlucendo.com/","a6c246ae-f84b-4c43-87b4-05db6b55afc3",2025-03-16T22:46:57.149Z,2025-03-22T03:46:14.983Z,"Exploration","https://x.com/vlucendo","https://ik.imagekit.io/cbzkrwprl/grokade-screenshots/Summer_Afternoon_20250310_202557.png","https://ik.imagekit.io/cbzkrwprl/grokade-screenshots/Summer_Afternoon_20250310_202251.png","https://ik.imagekit.io/cbzkrwprl/grokade-screenshots/Summer_Afternoon_20250316_154624.png","https://ik.imagekit.io/cbzkrwprl/grokade-screenshots/Summer_Afternoon_20250316_160208.png",true,"PRODUCTION"
"6cb521f3-5336-4f75-8bbb-9b67d8b7ba3f","Tank","Tank is a multiplayer tank game. Play with your friends or against them in this fast paced game.","https://ik.imagekit.io/cbzkrwprl/Tanks_yfdzp6.png","https://tank.cemilsevim.com/","a6c246ae-f84b-4c43-87b4-05db6b55afc3",2025-03-16T22:46:57.149Z,2025-03-22T03:20:16.809Z,"Action,Fighting,Shooter","https://x.com/cemilsvm","https://ik.imagekit.io/cbzkrwprl/Tanks_yfdzp6.png","https://ik.imagekit.io/cbzkrwprl/grokade-screenshots/Tank_20250316_154633.png","https://ik.imagekit.io/cbzkrwprl/grokade-screenshots/TankNarok_20250316_154646.png","https://ik.imagekit.io/cbzkrwprl/grokade-screenshots/Tank_20250310_200527.jpg",false,"PRODUCTION"
"4b3fa1ed-a7fa-4185-9f03-519c76913aca","FlyVibe","Flappy Bird like game but with paper plane and different modes","https://ik.imagekit.io/cbzkrwprl/grokade-screenshots/FlyVibe_20250316_160132.jpg","https://farez.github.io/flyvibe/","a6c246ae-f84b-4c43-87b4-05db6b55afc3",2025-03-16T22:46:57.149Z,2025-03-22T03:46:14.336Z,"Strategy","https://x.com/farez","https://ik.imagekit.io/cbzkrwprl/grokade-screenshots/FlyVibe_20250316_160132.jpg","https://ik.imagekit.io/cbzkrwprl/grokade-screenshots/FlyVibe_20250316_154548.jpg",,,false,"PRODUCTION"
"a3235777-29c9-418d-8b3d-bec551b9e174","Open Road","Drive or Fly around the world in this open world game. Choose your own mode of travel.","https://ik.imagekit.io/cbzkrwprl/grokade-screenshots/Open_Road_20250316_154631.png","https://openroad-game.vercel.app/","a6c246ae-f84b-4c43-87b4-05db6b55afc3",2025-03-16T22:46:57.149Z,2025-03-22T03:46:15.988Z,"Exploration,Racing","https://x.com/aaronbesson","https://ik.imagekit.io/cbzkrwprl/grokade-screenshots/Open_Road_20250316_154631.png","https://ik.imagekit.io/cbzkrwprl/grokade-screenshots/Open_Road_20250310_202603.png","https://ik.imagekit.io/cbzkrwprl/grokade-screenshots/Open_Road_20250310_202257.png","https://ik.imagekit.io/cbzkrwprl/grokade-screenshots/Open_Road_20250316_160214.png",false,"PRODUCTION"
"c60de4b9-bb22-4b66-ba31-8a6754f8a876","Space Balls","Fast paced game of command and destruction. Command an army of units and destroy smaller units to grow your army.","https://ik.imagekit.io/cbzkrwprl/grokade-screenshots/Space_Balls_20250316_160216.png","https://spaceballs.io/","a6c246ae-f84b-4c43-87b4-05db6b55afc3",2025-03-16T22:46:57.149Z,2025-03-22T03:46:16.326Z,"Strategy,Racing,Sports","https://x.com/IndieJayCodes","https://ik.imagekit.io/cbzkrwprl/grokade-screenshots/Space_Balls_20250316_160216.png","https://ik.imagekit.io/cbzkrwprl/grokade-screenshots/Space_Balls_20250316_154632.png","https://ik.imagekit.io/cbzkrwprl/grokade-screenshots/Space_Balls_20250310_202604.png","https://ik.imagekit.io/cbzkrwprl/grokade-screenshots/Space_Balls_20250310_202258.png",false,"PRODUCTION"
"2bfa4820-05e8-429d-91db-fd43914f98f9","Swim Around","Swim around the world in this open underwater world game","https://ik.imagekit.io/cbzkrwprl/grokade-screenshots/Swim_Around_20250310_202258.png","https://swimaround.io/","a6c246ae-f84b-4c43-87b4-05db6b55afc3",2025-03-16T22:46:57.149Z,2025-03-22T03:49:16.791Z,"Action","https://x.com/RyanEndacott","https://ik.imagekit.io/cbzkrwprl/grokade-screenshots/Swim_Around_20250310_202258.png","https://ik.imagekit.io/cbzkrwprl/grokade-screenshots/Swim_Around_20250316_154631.png","https://ik.imagekit.io/cbzkrwprl/grokade-screenshots/Swim_Around_20250310_202603.png","https://ik.imagekit.io/cbzkrwprl/grokade-screenshots/Swim_Around_20250316_160215.png",false,"PRODUCTION"
"86c45ba5-ab0f-452b-b1e8-877a898bec14","Pixel2DFight","Fast paced arcade shooter. Shoot the squares and grow your score.","https://ik.imagekit.io/cbzkrwprl/grokade-screenshots/Pixel2DFight_20250316_154638.png","https://pixel2dfight.vercel.app/","a6c246ae-f84b-4c43-87b4-05db6b55afc3",2025-03-16T22:46:57.149Z,2025-03-22T03:49:56.691Z,"Action,Arcade,Shooter","https://x.com/bladeemaxxi","https://ik.imagekit.io/cbzkrwprl/grokade-screenshots/Pixel2DFight_20250316_154638.png","https://ik.imagekit.io/cbzkrwprl/grokade-screenshots/Pixel2DFight_20250310_202609.png","https://ik.imagekit.io/cbzkrwprl/grokade-screenshots/Pixel2DFight_20250310_202304.png","https://ik.imagekit.io/cbzkrwprl/grokade-screenshots/Pixel2DFight_20250316_160221.png",false,"PRODUCTION"
"3e78f568-8737-4c77-a46b-e326470acb70","XForce","Space shooter with a fast paced gameplay and a focus on skill and precision.","https://ik.imagekit.io/cbzkrwprl/grokade-screenshots/XForce_20250316_160212.png","http://xforce.live","a6c246ae-f84b-4c43-87b4-05db6b55afc3",2025-03-16T22:46:57.149Z,2025-03-22T03:50:42.559Z,"Action,Educational,Racing","https://x.com/Daniel_Farinax","https://ik.imagekit.io/cbzkrwprl/grokade-screenshots/XForce_20250316_160212.png","https://ik.imagekit.io/cbzkrwprl/grokade-screenshots/XForce_20250316_154629.png","https://ik.imagekit.io/cbzkrwprl/grokade-screenshots/XForce_20250310_202255.png","https://ik.imagekit.io/cbzkrwprl/grokade-screenshots/XForce_20250310_202601.png",false,"PRODUCTION"
"61f434ad-2388-45de-b373-b561be63590b","Robotic Surge Shooter","Arcade style space shooter with a focus on fast-paced gameplay and smooth controls.","https://ik.imagekit.io/cbzkrwprl/grokade-screenshots/Robotic_Surge_Shooter_20250316_160211.png","https://roboticsurge.itch.io/shooter","a6c246ae-f84b-4c43-87b4-05db6b55afc3",2025-03-16T22:46:57.149Z,2025-03-22T03:46:15.328Z,"Action,Shooter,Arcade","https://x.com/jagger_sa","https://ik.imagekit.io/cbzkrwprl/grokade-screenshots/Robotic_Surge_Shooter_20250316_160211.png","https://ik.imagekit.io/cbzkrwprl/grokade-screenshots/Robotic_Surge_Shooter_20250310_202254.png","https://ik.imagekit.io/cbzkrwprl/grokade-screenshots/Robotic_Surge_Shooter_20250316_154627.png","https://ik.imagekit.io/cbzkrwprl/grokade-screenshots/Robotic_Surge_Shooter_20250310_202600.png",false,"PRODUCTION"
"24d8d342-b1d7-40ee-8ad4-6c5636c04661","Stick Cricket","Hardest game of cricket you'll ever play.","https://ik.imagekit.io/cbzkrwprl/grokade-screenshots/Stick_Cricket_20250310_202256.png","https://stick-cricket.vercel.app/","a6c246ae-f84b-4c43-87b4-05db6b55afc3",2025-03-16T22:46:57.149Z,2025-03-22T03:46:15.658Z,"Fighting","https://x.com/saikatkrdey","https://ik.imagekit.io/cbzkrwprl/grokade-screenshots/Stick_Cricket_20250310_202256.png","https://ik.imagekit.io/cbzkrwprl/grokade-screenshots/Stick_Cricket_20250316_160213.png","https://ik.imagekit.io/cbzkrwprl/grokade-screenshots/Stick_Cricket_20250316_154630.png","https://ik.imagekit.io/cbzkrwprl/grokade-screenshots/Stick_Cricket_20250310_202602.png",false,"PRODUCTION"
"1c44b058-5546-4826-ae5b-262763ad2a31","Escape Prison Cell","Well designed and executed escape room. It's harder than you think","https://ik.imagekit.io/cbzkrwprl/grokade-screenshots/Escape_Prison_Cell_20250310_202308.png","https://escape.puzzlesunlocked.com","a6c246ae-f84b-4c43-87b4-05db6b55afc3",2025-03-16T22:46:57.149Z,2025-03-22T03:46:18.198Z,"Puzzle","https://x.com/jamesckemp","https://ik.imagekit.io/cbzkrwprl/grokade-screenshots/Escape_Prison_Cell_20250310_202308.png","https://ik.imagekit.io/cbzkrwprl/grokade-screenshots/Escape_Prison_Cell_20250316_154642.png","https://ik.imagekit.io/cbzkrwprl/grokade-screenshots/Escape_Prison_Cell_20250316_160225.png","https://ik.imagekit.io/cbzkrwprl/grokade-screenshots/Escape_Prison_Cell_20250310_202613.png",false,"PRODUCTION"
"7f37cb28-0731-4c2a-b1b9-16cd56a57367","Hot Air Balloon","Take a chill ride on a hotair baloon amoung the snowy mountains","https://ik.imagekit.io/cbzkrwprl/grokade-screenshots/Hot_Air_Balloon_20250316_160223.png","https://www.hotairvibe.com/","a6c246ae-f84b-4c43-87b4-05db6b55afc3",2025-03-16T22:46:57.149Z,2025-03-22T03:51:36.337Z,"Sports","https://x.com/SieversJosua","https://ik.imagekit.io/cbzkrwprl/grokade-screenshots/Hot_Air_Balloon_20250316_154547.jpg","https://ik.imagekit.io/cbzkrwprl/grokade-screenshots/Hot_Air_Balloon_20250310_200532.jpg","https://ik.imagekit.io/cbzkrwprl/grokade-screenshots/Hot_Air_Balloon_20250310_202554.jpg","https://ik.imagekit.io/cbzkrwprl/grokade-screenshots/Hot_Air_Balloon_20250316_160223.png",false,"PRODUCTION"
"193935c5-ac96-4664-bcc0-9869b84e1548","Wildy Royale","Join a team or play alone and defend against waves of zombies in this first-person battle royale game.","https://ik.imagekit.io/cbzkrwprl/grokade-screenshots/Wildy_Royale_20250310_202608.png","https://www.wildyroyale.com/","a6c246ae-f84b-4c43-87b4-05db6b55afc3",2025-03-16T22:46:57.149Z,2025-03-22T03:52:21.026Z,"Action,Fighting,Sports","https://x.com/nathansrobinson","https://ik.imagekit.io/cbzkrwprl/grokade-screenshots/Wildy_Royale_20250310_202608.png","https://ik.imagekit.io/cbzkrwprl/grokade-screenshots/Wildy_Royale_20250310_202302.png","https://ik.imagekit.io/cbzkrwprl/grokade-screenshots/Wildy_Royale_20250316_154636.png","https://ik.imagekit.io/cbzkrwprl/grokade-screenshots/Wildy_Royale_20250316_155702.png",false,"PRODUCTION"
"9359a360-70c0-43ad-bceb-9912f7d134da","Flee Battle","Flee the battle!","https://ik.imagekit.io/cbzkrwprl/grokade-screenshots/Flee_Battle_20250310_203340.png","https://languagedungeon.com/","a6c246ae-f84b-4c43-87b4-05db6b55afc3",2025-03-16T22:22:34.786Z,2025-03-22T03:20:19.339Z,"Action,Fighting","https://x.com/maxhertan","https://ik.imagekit.io/cbzkrwprl/grokade-screenshots/Flee_Battle_20250310_203340.png","https://ik.imagekit.io/cbzkrwprl/grokade-screenshots/Flee_Battle_20250316_155716.png","https://ik.imagekit.io/cbzkrwprl/grokade-screenshots/Flee_Battle_20250310_202412.png","https://ik.imagekit.io/cbzkrwprl/grokade-screenshots/Flee_Battle_20250316_155718.png",false,"PRODUCTION"
"408320e2-1adb-470a-b015-6e39bf8a5990","Racing Cart","Race around the track, but be sure not to hit the kerb!","https://ik.imagekit.io/cbzkrwprl/grokade-screenshots/Racing_Cart_20250316_160228.png","https://racingcart.vercel.app","a6c246ae-f84b-4c43-87b4-05db6b55afc3",2025-03-16T22:46:57.149Z,2025-03-22T03:46:16.841Z,"Racing","https://x.com/pat_codes","https://ik.imagekit.io/cbzkrwprl/grokade-screenshots/Racing_Cart_20250316_160228.png","https://ik.imagekit.io/cbzkrwprl/grokade-screenshots/Racing_Cart_20250316_154644.png",,,false,"PRODUCTION"
"eccd75c9-812b-4464-b542-8dc1c4fa94f9","WW2 Dogfight Arena","Most beautiful multiplayer dogfight game. Play with your friends or against them in this fast paced game.","https://ik.imagekit.io/cbzkrwprl/grokade-screenshots/WW2_Dogfight_Arena_20250310_202301.png","https://fly.zullo.fun/","a6c246ae-f84b-4c43-87b4-05db6b55afc3",2025-03-16T22:46:57.149Z,2025-03-22T03:46:17.189Z,"Fighting,Action,Racing","https://x.com/NicolasZu","https://ik.imagekit.io/cbzkrwprl/grokade-screenshots/WW2_Dogfight_Arena_20250310_202301.png","https://ik.imagekit.io/cbzkrwprl/grokade-screenshots/WW2_Dogfight_Arena_20250316_160218.png","https://ik.imagekit.io/cbzkrwprl/grokade-screenshots/WW2_Dogfight_Arena_20250310_202606.png","https://ik.imagekit.io/cbzkrwprl/grokade-screenshots/WW2_Dogfight_Arena_20250316_154634.png",false,"PRODUCTION"
"2272eed7-d25d-496f-aece-6aa7cbaac8bd","Vibe Sail","Chill out and sail the waves in this relaxing game. Vibe Sail is a simple, calming game that allows you to relax and enjoy the beautiful scenery.","https://ik.imagekit.io/cbzkrwprl/grokade-screenshots/Vibe_Sail_20250316_160207.png","https://vibesail.com/","a6c246ae-f84b-4c43-87b4-05db6b55afc3",2025-03-16T22:46:57.149Z,2025-03-22T03:20:19.870Z,"Arcade,Simulation","https://x.com/NicolaManzini","https://ik.imagekit.io/cbzkrwprl/grokade-screenshots/Vibe_Sail_20250316_160207.png","https://ik.imagekit.io/cbzkrwprl/grokade-screenshots/Vibe_Sail_20250316_155531.png","https://ik.imagekit.io/cbzkrwprl/grokade-screenshots/Vibe_Sail_20250310_202556.png","https://ik.imagekit.io/cbzkrwprl/grokade-screenshots/Vibe_Sail_20250310_203404.png",false,"PRODUCTION"
"8074fbb7-fe43-4c9b-aa2b-839438670652","Cowboy","Gallop through a wild west street and shoot at things!","https://ik.imagekit.io/cbzkrwprl/grokade-screenshots/Cowboy_Shooter_20250316_155637.png","https://pseudokid.itch.io/cowboys","a6c246ae-f84b-4c43-87b4-05db6b55afc3",2025-03-16T22:46:57.149Z,2025-03-22T03:46:18.794Z,"Action,Shooter","https://x.com/pseudokid","https://ik.imagekit.io/cbzkrwprl/grokade-screenshots/Cowboy_Shooter_20250316_155637.png","https://ik.imagekit.io/cbzkrwprl/grokade-screenshots/Cowboy_Shooter_20250316_160104.png","https://ik.imagekit.io/cbzkrwprl/grokade-screenshots/cowboy_shooter_20250310_200904.jpg","https://ik.imagekit.io/cbzkrwprl/grokade-screenshots/cowboy_shooter_20250316_154541.jpg",false,"PRODUCTION"
"162a11b3-6138-4540-86ae-f50619bac7f4","Cowboy Shooter","A free-to-play 3D runner shooting game, 100% AI-generated, from game assets to code vibe coded by @pseudokid, Cursor AI, Anthropic's Claude 3.7 Sonnet 3D assets...","https://ik.imagekit.io/cbzkrwprl/grokade-screenshots/Cowboy_Shooter_20250316_155637.png","https://cowboy.raymelon.com/","a6c246ae-f84b-4c43-87b4-05db6b55afc3",2025-03-16T22:46:57.149Z,2025-03-22T03:46:19.120Z,"Action,Shooter,Platform","https://x.com/pseudokid","https://ik.imagekit.io/cbzkrwprl/grokade-screenshots/Cowboy_Shooter_20250316_155637.png","https://ik.imagekit.io/cbzkrwprl/grokade-screenshots/Cowboy_Shooter_20250316_160104.png","https://ik.imagekit.io/cbzkrwprl/grokade-screenshots/cowboy_shooter_20250310_200904.jpg","https://ik.imagekit.io/cbzkrwprl/grokade-screenshots/cowboy_shooter_20250316_154541.jpg",false,"PRODUCTION"
"708299c8-25f6-45c6-ad30-3dc8592775d4","TankNarok","Multiplayer tank battle game where you compete against other players in real-time combat. Maneuver your tank, avoid enemy fire, and destroy your opponents!","https://ik.imagekit.io/cbzkrwprl/grokade-screenshots/TankNarok_20250316_154646.png","https://tanks.rpaby.pw/","a6c246ae-f84b-4c43-87b4-05db6b55afc3",2025-03-16T22:46:57.149Z,2025-03-22T03:46:19.473Z,"Fighting,Action,Shooter","https://x.com/paulwes_pw","https://ik.imagekit.io/cbzkrwprl/grokade-screenshots/TankNarok_20250316_154646.png","https://ik.imagekit.io/cbzkrwprl/grokade-screenshots/Tanknarok_20250316_155457.png","https://ik.imagekit.io/cbzkrwprl/grokade-screenshots/TankNarok_20250316_160229.png","https://ik.imagekit.io/cbzkrwprl/grokade-screenshots/Tanknarok_20250316_155815.png",false,"PRODUCTION"
"bfbf5cd7-c44b-4054-a1a8-71455c04f29d","Surviber FPS","Endless Horde Survival Shooter. It's more difficult than it looks","https://ik.imagekit.io/cbzkrwprl/grokade-screenshots/Surviber_FPS_20250310_202307.png","https://surviber-fps.vercel.app/","a6c246ae-f84b-4c43-87b4-05db6b55afc3",2025-03-16T22:46:57.149Z,2025-03-22T03:38:29.267Z,"Shooter,Action,Survival","https://x.com/0xyardev","https://ik.imagekit.io/cbzkrwprl/grokade-screenshots/Surviber_FPS_20250310_202307.png","https://ik.imagekit.io/cbzkrwprl/grokade-screenshots/Surviber_FPS_20250316_154640.png","https://ik.imagekit.io/cbzkrwprl/grokade-screenshots/Surviber_FPS_20250310_202612.png","https://ik.imagekit.io/cbzkrwprl/grokade-screenshots/Surviber_FPS_20250316_160224.png",false,"PRODUCTION"
"8d3ebac9-6a26-4269-96c4-d6da0514d5b1","ShellShock Showdown","Tank shooter FPS, driver around and unleash mayhem!","https://ik.imagekit.io/cbzkrwprl/grokade-screenshots/ShellShock_Showdown_20250310_202610.png","https://shellshockshowdown.itch.io/game","a6c246ae-f84b-4c43-87b4-05db6b55afc3",2025-03-16T22:46:57.149Z,2025-03-22T03:39:20.532Z,"Shooter,Action,Racing","https://x.com/what_the_func","https://ik.imagekit.io/cbzkrwprl/grokade-screenshots/ShellShock_Showdown_20250310_202610.png","https://ik.imagekit.io/cbzkrwprl/grokade-screenshots/ShellShock_Showdown_20250316_160222.png","https://ik.imagekit.io/cbzkrwprl/grokade-screenshots/ShellShock_Showdown_20250310_202305.png","https://ik.imagekit.io/cbzkrwprl/grokade-screenshots/ShellShock_Showdown_20250316_154639.png",false,"PRODUCTION"
"4626e481-051b-4832-ba44-be606da797c6","Earth Simulation","Full earth simulation with climate, tectonic activity, evolution and civilization to factions, then burn it down with disaster scenarios. also includes earth te...","https://ik.imagekit.io/cbzkrwprl/1_i62xzx.png","https://o3-experiments-nextjs.fly.dev/earth","a6c246ae-f84b-4c43-87b4-05db6b55afc3",2025-03-16T22:22:34.786Z,2025-03-22T03:20:21.103Z,"Simulation,Action","https://x.com/rfitzpatrick_io","https://ik.imagekit.io/cbzkrwprl/2_y6km6a.png","https://ik.imagekit.io/cbzkrwprl/grokade-screenshots/Earth_Simulation_20250316_155504.png","https://ik.imagekit.io/cbzkrwprl/3_dggsra.png","https://ik.imagekit.io/cbzkrwprl/3_dggsra.png",true,"PRODUCTION"
"bbbf2d80-4dba-4faf-a777-09cb88159bc1","Fly Pieter","A fun free-to-play MMO flight sim, 100% made with Al, without loading screens and GBs of updates every time you wanna play. OG","https://ik.imagekit.io/cbzkrwprl/grokade-screenshots/Fly_Pieter_20250310_202250.png","https://fly.pieter.com/","a6c246ae-f84b-4c43-87b4-05db6b55afc3",2025-03-16T22:46:57.149Z,2025-03-22T03:36:47.445Z,"Simulation","https://x.com/levelsio","https://ik.imagekit.io/cbzkrwprl/grokade-screenshots/Fly_Pieter_20250310_202250.png","https://ik.imagekit.io/cbzkrwprl/grokade-screenshots/Fly_Pieter_20250316_160206.png","https://ik.imagekit.io/cbzkrwprl/grokade-screenshots/Fly_Pieter_20250310_202556.png","https://ik.imagekit.io/cbzkrwprl/grokade-screenshots/Fly_Pieter_20250316_154622.png",false,"PRODUCTION"
"35096d12-6a4a-4e7a-aed9-19b5db5db10c","Planetary","Explore space, get into dogfights, do spaceflight time trials","https://ik.imagekit.io/cbzkrwprl/grokade-screenshots/Planetary_20250316_155706.png","https://magnificent-zabaione-675839.netlify.app","a6c246ae-f84b-4c43-87b4-05db6b55afc3",2025-03-16T22:22:34.786Z,2025-03-22T03:20:21.354Z,"Strategy,Adventure,Exploration","https://x.com/jbelevate","https://ik.imagekit.io/cbzkrwprl/grokade-screenshots/Planetary_20250316_155706.png","https://ik.imagekit.io/cbzkrwprl/grokade-screenshots/Planetary_20250310_202459.png","https://ik.imagekit.io/cbzkrwprl/grokade-screenshots/Planetary_20250310_203152.png","https://ik.imagekit.io/cbzkrwprl/grokade-screenshots/Planetary_20250316_155722.png",false,"PRODUCTION"
"219f782b-fed3-4c58-84ec-25f59e930d34","Gladiator Arena","three.js gladiator arena with your own gladiator and several weapons to choose from. Will receive regular updates so check out often to see what's new.","https://ik.imagekit.io/cbzkrwprl/Screenshot_2025-03-20_at_12.56.23_PM_uasdcy.png","https://3js-arena-v5-long-fog-3116.fly.dev/","a6c246ae-f84b-4c43-87b4-05db6b55afc3",2025-03-16T22:22:34.786Z,2025-03-22T03:20:21.548Z,"Fighting,Shooter","https://x.com/rfitzpatrick_io","https://ik.imagekit.io/cbzkrwprl/Screenshot_2025-03-20_at_12.54.19_PM_zgb4aq.png","https://ik.imagekit.io/cbzkrwprl/Screenshot_2025-03-20_at_12.59.29_PM_a7bois.png","https://ik.imagekit.io/cbzkrwprl/Screenshot_2025-03-20_at_12.54.26_PM_uyfysl.png","https://ik.imagekit.io/cbzkrwprl/grokade-screenshots/Gladiator_Arena_20250310_202425.png",true,"PRODUCTION"
"d801607f-418e-4330-8f75-d947467ce3aa","Island Adventure","Search for treasures and craft items on a island in singleplayer mode","https://ik.imagekit.io/cbzkrwprl/grokade-screenshots/Island_Adventure_20250310_202510.png","https://ja.sperdeboer.nl/island/","a6c246ae-f84b-4c43-87b4-05db6b55afc3",2025-03-16T22:46:57.149Z,2025-03-22T03:20:21.708Z,"Exploration,Adventure,Survival","https://x.com/jasperdeboer","https://ik.imagekit.io/cbzkrwprl/grokade-screenshots/Island_Adventure_20250310_202510.png","https://ik.imagekit.io/cbzkrwprl/grokade-screenshots/Island_Adventure_20250310_203353.png","https://ik.imagekit.io/cbzkrwprl/grokade-screenshots/Island_Adventure_20250316_155750.png","https://ik.imagekit.io/cbzkrwprl/grokade-screenshots/Island_Adventure_20250316_155456.png",false,"PRODUCTION"
"20f4e68a-8d53-454a-a405-d40fa30e4674","Race Viberz","Race around the track with your mates!","https://ik.imagekit.io/cbzkrwprl/grokade-screenshots/Race_Viberz_20250316_154641.png","https://raceviberz.com/","a6c246ae-f84b-4c43-87b4-05db6b55afc3",2025-03-16T22:46:57.149Z,2025-03-22T03:35:56.124Z,"Racing","https://x.com/LoukilAymen","https://ik.imagekit.io/cbzkrwprl/grokade-screenshots/Race_Viberz_20250316_154641.png","https://ik.imagekit.io/cbzkrwprl/grokade-screenshots/Race_Viberz_20250310_202307.png","https://ik.imagekit.io/cbzkrwprl/grokade-screenshots/Race_Viberz_20250316_160225.png","https://ik.imagekit.io/cbzkrwprl/grokade-screenshots/Race_Viberz_20250310_202612.png",false,"PRODUCTION"
"91698f39-9bc5-464f-8aaf-e73a8a0f3cea","Arcade City","This is a game within a game. You could just fly around the neon city and then do some speed racing on a 3d track!","https://ik.imagekit.io/cbzkrwprl/grokade-screenshots/Arcade_City_20250316_160227.png","https://arcade.0xrome.com/","a6c246ae-f84b-4c43-87b4-05db6b55afc3",2025-03-16T22:46:57.149Z,2025-03-22T03:46:17.861Z,"Racing,Arcade","https://x.com/0xRome","https://ik.imagekit.io/cbzkrwprl/grokade-screenshots/Arcade_City_20250316_160227.png","https://ik.imagekit.io/cbzkrwprl/grokade-screenshots/Arcade_City_20250310_202615.png","https://ik.imagekit.io/cbzkrwprl/grokade-screenshots/Arcade_City_20250316_154644.png","https://ik.imagekit.io/cbzkrwprl/grokade-screenshots/Arcade_City_20250310_202310.png",false,"PRODUCTION"
"0af2b647-0e29-4f99-b32f-96501608bf3c","Cops and Robbers","Either be Robber who has to steal money or play as a cop who catches robbers. More like GTA and NFS.","https://ik.imagekit.io/cbzkrwprl/grokade-screenshots/Cops_and_Robbers_20250310_202501.png","https://cnr.khatarnakishan.com/","a6c246ae-f84b-4c43-87b4-05db6b55afc3",2025-03-16T22:22:34.786Z,2025-03-22T03:20:22.059Z,"Racing,Arcade,Shooter","https://x.com/Khatarnak_Ishan","https://ik.imagekit.io/cbzkrwprl/grokade-screenshots/Cops_and_Robbers_20250310_202501.png","https://ik.imagekit.io/cbzkrwprl/grokade-screenshots/Cops_and_Robbers_20250316_155607.png","https://ik.imagekit.io/cbzkrwprl/grokade-screenshots/Cops_and_Robbers_20250316_155606.png","https://ik.imagekit.io/cbzkrwprl/grokade-screenshots/Cops_and_Robbers_20250310_203342.png",true,"PRODUCTION"
"f0e24ffc-e714-4da0-8510-35cfbb521ffb","Type Battles","Sharpen your typing skills, build up combos for a higher score, earn trophies and conquer all 10 levels to face the final boss...","https://ik.imagekit.io/cbzkrwprl/grokade-screenshots/Type_Battles_20250310_202355.png","https://www.typebattles.com/","a6c246ae-f84b-4c43-87b4-05db6b55afc3",2025-03-16T22:22:34.786Z,2025-03-22T03:20:22.264Z,"Platform,Action,Arcade","https://x.com/edwinhayward","https://ik.imagekit.io/cbzkrwprl/grokade-screenshots/Type_Battles_20250310_202355.png","https://ik.imagekit.io/cbzkrwprl/grokade-screenshots/Type_Battles_20250310_203330.png","https://ik.imagekit.io/cbzkrwprl/grokade-screenshots/Type_Battles_20250316_155826.png","https://ik.imagekit.io/cbzkrwprl/grokade-screenshots/Type_Battles_20250316_155827.png",false,"PRODUCTION"
"d41e8753-0ada-4b33-bed9-a688ffa34d9e","Emoji Sim","A village of emojis at your command. Create your own villages and even build out your game rules. Learn from others and lead your villagers","https://ik.imagekit.io/cbzkrwprl/grokade-screenshots/Emoji_Sim_20250316_155811.png","https://emojisim.com/","a6c246ae-f84b-4c43-87b4-05db6b55afc3",2025-03-16T22:22:34.786Z,2025-03-22T03:20:22.469Z,"Simulation,Strategy,Exploration","https://x.com/benwmaddox","https://ik.imagekit.io/cbzkrwprl/grokade-screenshots/Emoji_Sim_20250316_155811.png","https://ik.imagekit.io/cbzkrwprl/grokade-screenshots/Emoji_Sim_20250310_203241.png","https://ik.imagekit.io/cbzkrwprl/grokade-screenshots/Emoji_Sim_20250310_202328.png",,false,"PRODUCTION"
"8759da60-d5ce-42b4-b0aa-fafdbd345aa2","Macro Data Refinement","A web application that simulates the macro data refinement work from the TV show Severance","https://ik.imagekit.io/cbzkrwprl/grokade-screenshots/Macro_Data_Refinement_20250310_203315.png","https://macro-data-refinement-five.vercel.app/","a6c246ae-f84b-4c43-87b4-05db6b55afc3",2025-03-16T22:22:34.786Z,2025-03-22T03:20:22.629Z,"Simulation","https://x.com/HanksSauce","https://ik.imagekit.io/cbzkrwprl/grokade-screenshots/Macro_Data_Refinement_20250310_203315.png","https://ik.imagekit.io/cbzkrwprl/grokade-screenshots/Macro_Data_Refinement_20250316_155858.png","https://ik.imagekit.io/cbzkrwprl/grokade-screenshots/Macro_Data_Refinement_20250310_202508.png","https://ik.imagekit.io/cbzkrwprl/grokade-screenshots/Macro_Data_Refinement_20250316_155830.png",true,"PRODUCTION"